pair_id,lpips_spearman,csd_spearman,lpips_adjacent_violation_rate,csd_adjacent_violation_rate
p000__s00,-0.6,0.7,0.5,0.25
p000__s01,0.8999999999999998,0.7,0.25,0.25
p000__s02,0.39999999999999997,0.09999999999999999,0.25,0.5
p000__s03,0.3,0.9999999999999999,0.5,0.0
p000__s04,0.39999999999999997,0.09999999999999999,0.25,0.5
p000__s05,0.39999999999999997,0.7,0.25,0.25
p000__s06,0.7,0.8999999999999998,0.25,0.25
p000__s07,-0.6,0.9999999999999999,0.5,0.0
p000__s08,0.7,0.9999999999999999,0.25,0.0
p000__s09,0.19999999999999998,0.39999999999999997,0.5,0.25
p001__s00,-0.6,0.9999999999999999,0.5,0.0
p001__s01,0.7,0.9999999999999999,0.25,0.0
p001__s02,0.39999999999999997,0.3,0.25,0.5
p001__s03,0.39999999999999997,0.7,0.25,0.25
p001__s04,0.39999999999999997,0.09999999999999999,0.25,0.5
p001__s05,0.7,0.3,0.25,0.5
p001__s06,0.39999999999999997,0.9999999999999999,0.25,0.0
p001__s07,-0.09999999999999999,0.7,0.5,0.25
p001__s08,0.7,0.9999999999999999,0.25,0.0
p001__s09,0.7,0.9999999999999999,0.25,0.0
p002__s00,0.7,0.7,0.25,0.25
p002__s01,-0.3,0.9999999999999999,0.5,0.0
p002__s02,0.39999999999999997,0.8999999999999998,0.25,0.25
p002__s03,0.09999999999999999,0.8999999999999998,0.5,0.25
p002__s04,-0.6,0.0,0.5,0.75
p002__s05,0.7,0.7,0.25,0.25
p002__s06,-0.09999999999999999,0.8999999999999998,0.5,0.25
p002__s07,0.3,0.7,0.5,0.25
p002__s08,0.0,0.7,0.5,0.25
p002__s09,0.7,0.6,0.25,0.5
p003__s00,-0.7,0.6,0.75,0.5
p003__s01,0.7,0.9999999999999999,0.25,0.0
p003__s02,0.7,0.09999999999999999,0.25,0.5
p003__s03,0.39999999999999997,0.9999999999999999,0.25,0.0
p003__s04,0.39999999999999997,0.6,0.25,0.5
p003__s05,-0.6,0.0,0.5,0.75
p003__s06,0.39999999999999997,0.8999999999999998,0.25,0.25
p003__s07,0.0,0.8999999999999998,0.25,0.25
p003__s08,0.7,0.8999999999999998,0.25,0.25
p003__s09,-0.3,0.7,0.5,0.25
p004__s00,0.7999999999999999,0.8999999999999998,0.5,0.25
p004__s01,0.8999999999999998,0.8999999999999998,0.25,0.25
p004__s02,0.7,0.3,0.25,0.5
p004__s03,0.39999999999999997,0.0,0.25,0.75
p004__s04,0.39999999999999997,0.9999999999999999,0.25,0.0
p004__s05,0.7,0.8999999999999998,0.25,0.25
p004__s06,0.39999999999999997,0.09999999999999999,0.25,0.5
p004__s07,0.9999999999999999,0.7,0.0,0.25
p004__s08,0.9999999999999999,0.0,0.0,0.75
p004__s09,0.8999999999999998,0.8999999999999998,0.25,0.25
p005__s00,0.39999999999999997,0.9999999999999999,0.25,0.0
p005__s01,0.8999999999999998,0.9999999999999999,0.25,0.0
p005__s02,0.7,0.7,0.25,0.25
p005__s03,0.39999999999999997,0.9999999999999999,0.25,0.0
p005__s04,0.39999999999999997,0.6,0.25,0.5
p005__s05,0.6,0.9999999999999999,0.5,0.0
p005__s06,0.7,0.9999999999999999,0.25,0.0
p005__s07,0.7,0.9999999999999999,0.25,0.0
p005__s08,0.9999999999999999,0.39999999999999997,0.0,0.25
p005__s09,0.6,0.8999999999999998,0.5,0.25
p006__s00,0.39999999999999997,0.9999999999999999,0.25,0.0
p006__s01,0.9999999999999999,0.9999999999999999,0.0,0.0
p006__s02,0.39999999999999997,0.7999999999999999,0.25,0.5
p006__s03,0.39999999999999997,0.8999999999999998,0.25,0.25
p006__s04,0.39999999999999997,0.0,0.25,0.75
p006__s05,0.8999999999999998,0.8999999999999998,0.25,0.25
p006__s06,0.7,0.09999999999999999,0.25,0.5
p006__s07,0.7,0.9999999999999999,0.25,0.0
p006__s08,0.7,0.9999999999999999,0.25,0.0
p006__s09,0.7,0.8999999999999998,0.25,0.25
p007__s00,-0.3,0.9999999999999999,0.5,0.0
p007__s01,-0.9999999999999999,0.7,1.0,0.25
p007__s02,-0.6,0.9999999999999999,0.5,0.0
p007__s03,-0.8999999999999998,0.7,0.75,0.25
p007__s04,-0.6,0.6,0.5,0.5
p007__s05,-0.09999999999999999,0.3,0.5,0.5
p007__s06,-0.6,0.8999999999999998,0.5,0.25
p007__s07,-0.9999999999999999,0.3,1.0,0.5
p007__s08,-0.6,0.8999999999999998,0.5,0.25
p007__s09,0.7,0.6,0.25,0.5
p008__s00,0.0,0.09999999999999999,0.5,0.5
p008__s01,0.8999999999999998,0.9999999999999999,0.25,0.0
p008__s02,0.9999999999999999,0.0,0.0,0.75
p008__s03,0.39999999999999997,0.6,0.25,0.5
p008__s04,0.39999999999999997,0.09999999999999999,0.25,0.5
p008__s05,0.9999999999999999,0.7,0.0,0.25
p008__s06,0.8999999999999998,0.8999999999999998,0.25,0.25
p008__s07,0.8999999999999998,0.9999999999999999,0.25,0.0
p008__s08,0.9999999999999999,0.39999999999999997,0.0,0.25
p008__s09,0.9999999999999999,0.9999999999999999,0.0,0.0
p009__s00,-0.3,0.9999999999999999,0.5,0.0
p009__s01,0.7,0.6,0.25,0.5
p009__s02,0.39999999999999997,0.0,0.25,0.75
p009__s03,0.39999999999999997,0.9999999999999999,0.25,0.0
p009__s04,0.39999999999999997,0.0,0.25,0.75
p009__s05,0.39999999999999997,0.39999999999999997,0.25,0.25
p009__s06,0.39999999999999997,0.6,0.25,0.5
p009__s07,-0.09999999999999999,0.8999999999999998,0.5,0.25
p009__s08,0.7,0.7,0.25,0.25
p009__s09,0.19999999999999998,0.3,0.5,0.5
p010__s00,-0.7,0.9999999999999999,0.75,0.0
p010__s01,0.8999999999999998,0.9999999999999999,0.25,0.0
p010__s02,0.3,0.9999999999999999,0.5,0.0
p010__s03,0.39999999999999997,0.9999999999999999,0.25,0.0
p010__s04,0.39999999999999997,0.09999999999999999,0.25,0.5
p010__s05,0.39999999999999997,0.7,0.25,0.25
p010__s06,0.39999999999999997,0.3,0.25,0.5
p010__s07,-0.09999999999999999,0.8999999999999998,0.5,0.25
p010__s08,0.39999999999999997,0.7,0.25,0.25
p010__s09,0.7,0.9999999999999999,0.25,0.0
p011__s00,-0.6,-0.7999999999999999,0.5,0.5
p011__s01,0.7,0.9999999999999999,0.25,0.0
p011__s02,-0.19999999999999998,0.09999999999999999,0.75,0.5
p011__s03,0.3,0.9999999999999999,0.5,0.0
p011__s04,0.39999999999999997,0.6,0.25,0.5
p011__s05,-0.09999999999999999,0.9999999999999999,0.5,0.0
p011__s06,0.3,0.3,0.5,0.5
p011__s07,-0.7,0.8999999999999998,0.75,0.25
p011__s08,-0.6,0.6,0.5,0.5
p011__s09,-0.3,0.9999999999999999,0.5,0.0
p012__s00,-0.6,0.8999999999999998,0.5,0.25
p012__s01,0.7,0.9999999999999999,0.25,0.0
p012__s02,0.7,0.9999999999999999,0.25,0.0
p012__s03,0.39999999999999997,0.7,0.25,0.25
p012__s04,0.39999999999999997,0.0,0.25,0.75
p012__s05,0.7,0.7,0.25,0.25
p012__s06,0.7,0.9999999999999999,0.25,0.0
p012__s07,0.0,0.8999999999999998,0.25,0.25
p012__s08,0.9999999999999999,0.9999999999999999,0.0,0.0
p012__s09,0.7,0.6,0.25,0.5
p013__s00,0.19999999999999998,0.8999999999999998,0.5,0.25
p013__s01,0.7,0.9999999999999999,0.25,0.0
p013__s02,0.39999999999999997,0.09999999999999999,0.25,0.5
p013__s03,0.39999999999999997,0.9999999999999999,0.25,0.0
p013__s04,0.3,0.3,0.5,0.5
p013__s05,0.7,0.6,0.25,0.5
p013__s06,0.3,0.9999999999999999,0.5,0.0
p013__s07,0.3,0.7,0.5,0.25
p013__s08,0.8999999999999998,0.8999999999999998,0.25,0.25
p013__s09,0.6,0.7,0.5,0.25
p014__s00,-0.6,0.8999999999999998,0.5,0.25
p014__s01,0.8999999999999998,0.9999999999999999,0.25,0.0
p014__s02,0.39999999999999997,0.39999999999999997,0.25,0.25
p014__s03,0.39999999999999997,0.9999999999999999,0.25,0.0
p014__s04,0.7,0.8999999999999998,0.25,0.25
p014__s05,-0.6,0.8999999999999998,0.5,0.25
p014__s06,0.39999999999999997,0.7,0.25,0.25
p014__s07,-0.6,0.6,0.5,0.5
p014__s08,0.8999999999999998,0.9999999999999999,0.25,0.0
p014__s09,0.0,0.9999999999999999,0.25,0.0
p015__s00,0.0,0.8999999999999998,0.5,0.25
p015__s01,0.8999999999999998,0.8999999999999998,0.25,0.25
p015__s02,0.7,0.8999999999999998,0.25,0.25
p015__s03,0.39999999999999997,0.7,0.25,0.25
p015__s04,0.39999999999999997,0.9999999999999999,0.25,0.0
p015__s05,0.7,0.9999999999999999,0.25,0.0
p015__s06,0.39999999999999997,0.7,0.25,0.25
p015__s07,0.7999999999999999,0.8999999999999998,0.5,0.25
p015__s08,0.9999999999999999,0.7,0.0,0.25
p015__s09,0.8999999999999998,0.8999999999999998,0.25,0.25
p016__s00,0.8999999999999998,0.9999999999999999,0.25,0.0
p016__s01,0.8999999999999998,0.9999999999999999,0.25,0.0
p016__s02,0.39999999999999997,0.7,0.25,0.25
p016__s03,0.39999999999999997,0.9999999999999999,0.25,0.0
p016__s04,-0.9999999999999999,0.09999999999999999,1.0,0.5
p016__s05,0.8999999999999998,0.0,0.25,0.75
p016__s06,0.7,0.8999999999999998,0.25,0.25
p016__s07,0.9999999999999999,0.6,0.0,0.5
p016__s08,0.8999999999999998,0.39999999999999997,0.25,0.25
p016__s09,0.7,0.9999999999999999,0.25,0.0
p017__s00,-0.6,0.8999999999999998,0.5,0.25
p017__s01,0.3,0.9999999999999999,0.5,0.0
p017__s02,0.39999999999999997,0.8999999999999998,0.25,0.25
p017__s03,0.39999999999999997,0.9999999999999999,0.25,0.0
p017__s04,0.39999999999999997,0.8999999999999998,0.25,0.25
p017__s05,-0.09999999999999999,0.7,0.5,0.25
p017__s06,0.3,0.7,0.5,0.25
p017__s07,-0.6,0.6,0.5,0.5
p017__s08,0.7,0.7,0.25,0.25
p017__s09,-0.6,0.39999999999999997,0.5,0.25
p018__s00,-0.09999999999999999,0.7,0.5,0.25
p018__s01,0.7,0.7,0.25,0.25
p018__s02,0.7,0.8999999999999998,0.25,0.25
p018__s03,0.39999999999999997,0.9999999999999999,0.25,0.0
p018__s04,0.39999999999999997,0.09999999999999999,0.25,0.5
p018__s05,0.8999999999999998,0.39999999999999997,0.25,0.25
p018__s06,0.7,0.3,0.25,0.5
p018__s07,0.7,0.8999999999999998,0.25,0.25
p018__s08,0.9999999999999999,0.39999999999999997,0.0,0.25
p018__s09,0.8999999999999998,0.09999999999999999,0.25,0.5
p019__s00,0.8999999999999998,0.8999999999999998,0.25,0.25
p019__s01,0.8999999999999998,0.9999999999999999,0.25,0.0
p019__s02,0.8999999999999998,0.3,0.25,0.5
p019__s03,0.39999999999999997,0.9999999999999999,0.25,0.0
p019__s04,0.0,0.3,0.25,0.5
p019__s05,0.9999999999999999,0.7,0.0,0.25
p019__s06,0.7,0.9999999999999999,0.25,0.0
p019__s07,0.9999999999999999,0.6,0.0,0.5
p019__s08,0.9999999999999999,0.39999999999999997,0.0,0.25
p019__s09,0.9999999999999999,0.8999999999999998,0.0,0.25
p020__s00,-0.6,0.9999999999999999,0.5,0.0
p020__s01,0.7,0.9999999999999999,0.25,0.0
p020__s02,0.7,0.9999999999999999,0.25,0.0
p020__s03,0.39999999999999997,0.9999999999999999,0.25,0.0
p020__s04,0.39999999999999997,0.09999999999999999,0.25,0.5
p020__s05,0.39999999999999997,0.7,0.25,0.25
p020__s06,0.39999999999999997,0.8999999999999998,0.25,0.25
p020__s07,-0.6,0.7,0.5,0.25
p020__s08,0.7,0.9999999999999999,0.25,0.0
p020__s09,0.9999999999999999,0.8999999999999998,0.0,0.25
p021__s00,0.39999999999999997,0.7,0.25,0.25
p021__s01,0.7,0.8999999999999998,0.25,0.25
p021__s02,0.7,0.39999999999999997,0.25,0.25
p021__s03,0.39999999999999997,0.9999999999999999,0.25,0.0
p021__s04,0.39999999999999997,0.3,0.25,0.5
p021__s05,0.7,0.39999999999999997,0.25,0.25
p021__s06,0.39999999999999997,0.3,0.25,0.5
p021__s07,0.7,0.9999999999999999,0.25,0.0
p021__s08,0.8999999999999998,0.39999999999999997,0.25,0.25
p021__s09,0.9999999999999999,0.9999999999999999,0.0,0.0
p022__s00,0.6,0.7,0.5,0.25
p022__s01,0.7999999999999999,0.8999999999999998,0.5,0.25
p022__s02,0.3,0.0,0.5,0.75
p022__s03,0.39999999999999997,0.7999999999999999,0.25,0.5
p022__s04,-0.09999999999999999,0.3,0.5,0.5
p022__s05,0.39999999999999997,0.39999999999999997,0.25,0.25
p022__s06,-0.09999999999999999,0.3,0.5,0.5
p022__s07,0.3,0.0,0.5,0.75
p022__s08,-0.3,0.39999999999999997,0.5,0.25
p022__s09,0.7,0.0,0.25,0.75
p023__s00,-0.3,0.6,0.5,0.5
p023__s01,-0.3,0.9999999999999999,0.5,0.0
p023__s02,0.3,0.3,0.5,0.5
p023__s03,0.09999999999999999,0.9999999999999999,0.5,0.0
p023__s04,0.7,0.9999999999999999,0.25,0.0
p023__s05,-0.7,0.8999999999999998,0.75,0.25
p023__s06,0.39999999999999997,0.8999999999999998,0.25,0.25
p023__s07,-0.7,0.3,0.75,0.5
p023__s08,-0.6,0.8999999999999998,0.5,0.25
p023__s09,-0.3,0.9999999999999999,0.5,0.0
p024__s00,0.39999999999999997,0.3,0.25,0.5
p024__s01,0.0,0.9999999999999999,0.25,0.0
p024__s02,0.39999999999999997,0.19999999999999998,0.25,0.25
p024__s03,0.39999999999999997,0.49999999999999994,0.25,0.75
p024__s04,0.39999999999999997,0.3,0.25,0.5
p024__s05,0.3,0.3,0.5,0.5
p024__s06,0.39999999999999997,0.3,0.25,0.5
p024__s07,0.3,0.9999999999999999,0.5,0.0
p024__s08,0.0,0.3,0.25,0.5
p024__s09,0.39999999999999997,0.6,0.25,0.5
p025__s00,-0.6,0.7,0.5,0.25
p025__s01,0.7,0.9999999999999999,0.25,0.0
p025__s02,0.39999999999999997,0.8999999999999998,0.25,0.25
p025__s03,0.39999999999999997,0.9999999999999999,0.25,0.0
p025__s04,0.3,0.9999999999999999,0.5,0.0
p025__s05,0.39999999999999997,0.9999999999999999,0.25,0.0
p025__s06,0.39999999999999997,0.9999999999999999,0.25,0.0
p025__s07,0.39999999999999997,0.7,0.25,0.25
p025__s08,0.7,0.6,0.25,0.5
p025__s09,0.7,0.9999999999999999,0.25,0.0
p026__s00,0.7,0.9999999999999999,0.25,0.0
p026__s01,0.8999999999999998,0.39999999999999997,0.25,0.25
p026__s02,0.39999999999999997,0.3,0.25,0.5
p026__s03,0.3,0.6,0.5,0.5
p026__s04,0.3,0.0,0.5,0.75
p026__s05,0.3,0.8999999999999998,0.5,0.25
p026__s06,0.7,0.0,0.25,0.75
p026__s07,0.9999999999999999,0.9999999999999999,0.0,0.0
p026__s08,0.7,0.09999999999999999,0.25,0.5
p026__s09,0.6,0.8999999999999998,0.5,0.25
p027__s00,0.8999999999999998,0.39999999999999997,0.25,0.25
p027__s01,0.7,0.6,0.25,0.5
p027__s02,0.7,0.39999999999999997,0.25,0.25
p027__s03,0.39999999999999997,0.7,0.25,0.25
p027__s04,0.39999999999999997,0.0,0.25,0.75
p027__s05,0.7,0.8999999999999998,0.25,0.25
p027__s06,0.7,0.3,0.25,0.5
p027__s07,0.9999999999999999,0.7,0.0,0.25
p027__s08,0.9999999999999999,0.8999999999999998,0.0,0.25
p027__s09,0.6,0.6,0.5,0.5
p028__s00,0.9999999999999999,0.8999999999999998,0.0,0.25
p028__s01,0.9999999999999999,0.8999999999999998,0.0,0.25
p028__s02,0.7,0.8999999999999998,0.25,0.25
p028__s03,0.39999999999999997,0.9999999999999999,0.25,0.0
p028__s04,0.0,0.3,0.25,0.5
p028__s05,0.9999999999999999,0.9999999999999999,0.0,0.0
p028__s06,0.7,0.9999999999999999,0.25,0.0
p028__s07,0.9999999999999999,0.6,0.0,0.5
p028__s08,0.9999999999999999,0.7,0.0,0.25
p028__s09,0.9999999999999999,0.8999999999999998,0.0,0.25
p029__s00,0.6,0.9999999999999999,0.5,0.0
p029__s01,0.8999999999999998,0.7,0.25,0.25
p029__s02,0.8999999999999998,0.3,0.25,0.5
p029__s03,0.7,0.7,0.25,0.25
p029__s04,0.7,0.9999999999999999,0.25,0.0
p029__s05,0.9999999999999999,0.7,0.0,0.25
p029__s06,0.7,0.3,0.25,0.5
p029__s07,0.9999999999999999,0.6,0.0,0.5
p029__s08,0.9999999999999999,0.8999999999999998,0.0,0.25
p029__s09,0.9999999999999999,0.9999999999999999,0.0,0.0
p030__s00,-0.6,0.8999999999999998,0.5,0.25
p030__s01,0.8999999999999998,0.8999999999999998,0.25,0.25
p030__s02,0.39999999999999997,0.8999999999999998,0.25,0.25
p030__s03,0.39999999999999997,0.8999999999999998,0.25,0.25
p030__s04,0.7,0.6,0.25,0.5
p030__s05,-0.3,0.39999999999999997,0.5,0.25
p030__s06,0.7,0.6,0.25,0.5
p030__s07,0.0,0.9999999999999999,0.5,0.0
p030__s08,0.9999999999999999,0.9999999999999999,0.0,0.0
p030__s09,-0.3,0.8999999999999998,0.5,0.25
p031__s00,-0.09999999999999999,0.7,0.5,0.25
p031__s01,0.7,0.8999999999999998,0.25,0.25
p031__s02,0.39999999999999997,0.7,0.25,0.25
p031__s03,0.39999999999999997,0.9999999999999999,0.25,0.0
p031__s04,0.39999999999999997,0.7,0.25,0.25
p031__s05,-0.09999999999999999,0.3,0.5,0.5
p031__s06,0.39999999999999997,0.9999999999999999,0.25,0.0
p031__s07,-0.6,0.6,0.5,0.5
p031__s08,0.8999999999999998,0.9999999999999999,0.25,0.0
p031__s09,-0.6,0.3,0.5,0.5
p032__s00,0.7,0.19999999999999998,0.25,0.25
p032__s01,0.7,0.9999999999999999,0.25,0.0
p032__s02,0.39999999999999997,0.3,0.25,0.5
p032__s03,0.39999999999999997,0.9999999999999999,0.25,0.0
p032__s04,-0.8999999999999998,0.3,0.75,0.5
p032__s05,0.7,0.6,0.25,0.5
p032__s06,0.7,0.8999999999999998,0.25,0.25
p032__s07,0.39999999999999997,0.09999999999999999,0.25,0.5
p032__s08,0.8999999999999998,0.8999999999999998,0.25,0.25
p032__s09,0.7,0.09999999999999999,0.25,0.5
p033__s00,-0.6,0.7,0.5,0.25
p033__s01,0.7,0.9999999999999999,0.25,0.0
p033__s02,0.39999999999999997,0.39999999999999997,0.25,0.25
p033__s03,0.39999999999999997,0.9999999999999999,0.25,0.0
p033__s04,0.39999999999999997,0.9999999999999999,0.25,0.0
p033__s05,-0.6,0.8999999999999998,0.5,0.25
p033__s06,0.3,0.9999999999999999,0.5,0.0
p033__s07,-0.7,0.8999999999999998,0.75,0.25
p033__s08,-0.3,0.39999999999999997,0.5,0.25
p033__s09,-0.6,0.9999999999999999,0.5,0.0
p034__s00,-0.6,0.7,0.5,0.25
p034__s01,0.8999999999999998,0.8999999999999998,0.25,0.25
p034__s02,0.7,0.9999999999999999,0.25,0.0
p034__s03,0.3,0.8999999999999998,0.5,0.25
p034__s04,0.39999999999999997,0.39999999999999997,0.25,0.25
p034__s05,0.9999999999999999,0.9999999999999999,0.0,0.0
p034__s06,0.7,0.8999999999999998,0.25,0.25
p034__s07,0.6,0.7,0.5,0.25
p034__s08,0.8999999999999998,0.6,0.25,0.5
p034__s09,0.9999999999999999,0.8999999999999998,0.0,0.25
p035__s00,-0.6,0.39999999999999997,0.5,0.25
p035__s01,0.39999999999999997,0.8999999999999998,0.25,0.25
p035__s02,0.39999999999999997,0.3,0.25,0.5
p035__s03,-0.7,0.09999999999999999,0.75,0.5
p035__s04,-0.7,0.09999999999999999,0.75,0.5
p035__s05,0.6,0.6,0.5,0.5
p035__s06,0.9999999999999999,0.39999999999999997,0.0,0.25
p035__s07,-0.19999999999999998,0.3,0.75,0.5
p035__s08,0.19999999999999998,0.0,0.5,0.75
p035__s09,0.7,0.8999999999999998,0.25,0.25
p036__s00,-0.3,0.6,0.5,0.5
p036__s01,0.9999999999999999,0.9999999999999999,0.0,0.0
p036__s02,0.39999999999999997,0.9999999999999999,0.25,0.0
p036__s03,0.3,0.8999999999999998,0.5,0.25
p036__s04,0.39999999999999997,0.3,0.25,0.5
p036__s05,0.8999999999999998,0.9999999999999999,0.25,0.0
p036__s06,0.3,0.7,0.5,0.25
p036__s07,0.7,0.8999999999999998,0.25,0.25
p036__s08,0.8999999999999998,0.8999999999999998,0.25,0.25
p036__s09,0.8999999999999998,0.9999999999999999,0.25,0.0
p037__s00,-0.3,0.8999999999999998,0.5,0.25
p037__s01,0.7,0.9999999999999999,0.25,0.0
p037__s02,0.7,0.39999999999999997,0.25,0.25
p037__s03,0.39999999999999997,0.9999999999999999,0.25,0.0
p037__s04,0.39999999999999997,0.49999999999999994,0.25,0.25
p037__s05,0.7,0.6,0.25,0.5
p037__s06,0.7,0.6,0.25,0.5
p037__s07,0.8999999999999998,0.8999999999999998,0.25,0.25
p037__s08,0.9999999999999999,0.49999999999999994,0.0,0.5
p037__s09,0.7,0.8999999999999998,0.25,0.25
p038__s00,0.6,0.3,0.5,0.5
p038__s01,-0.6,0.9999999999999999,0.5,0.0
p038__s02,-0.09999999999999999,0.0,0.5,0.75
p038__s03,0.09999999999999999,0.9999999999999999,0.5,0.0
p038__s04,0.3,0.09999999999999999,0.5,0.5
p038__s05,0.3,0.39999999999999997,0.5,0.25
p038__s06,-0.6,0.9999999999999999,0.5,0.0
p038__s07,-0.09999999999999999,0.39999999999999997,0.5,0.25
p038__s08,-0.7,0.39999999999999997,0.75,0.25
p038__s09,0.7,0.39999999999999997,0.25,0.25
p039__s00,-0.6,0.7,0.5,0.25
p039__s01,0.7,0.6,0.25,0.5
p039__s02,0.39999999999999997,0.39999999999999997,0.25,0.25
p039__s03,0.39999999999999997,0.3,0.25,0.5
p039__s04,0.3,0.8999999999999998,0.5,0.25
p039__s05,0.0,0.3,0.25,0.5
p039__s06,0.3,0.6,0.5,0.5
p039__s07,-0.6,0.3,0.5,0.5
p039__s08,-0.3,0.0,0.5,0.75
p039__s09,-0.3,0.09999999999999999,0.5,0.5
p040__s00,-0.3,0.7,0.5,0.25
p040__s01,-0.3,0.9999999999999999,0.5,0.0
p040__s02,-0.7,0.7999999999999999,0.75,0.5
p040__s03,0.09999999999999999,0.8999999999999998,0.5,0.25
p040__s04,0.39999999999999997,0.3,0.25,0.5
p040__s05,0.19999999999999998,0.39999999999999997,0.5,0.25
p040__s06,0.39999999999999997,0.7,0.25,0.25
p040__s07,-0.6,0.7,0.5,0.25
p040__s08,-0.3,0.7,0.5,0.25
p040__s09,0.7,0.3,0.25,0.5
p041__s00,0.7,0.8999999999999998,0.25,0.25
p041__s01,0.9999999999999999,0.6,0.0,0.5
p041__s02,0.7,0.6,0.25,0.5
p041__s03,0.39999999999999997,0.09999999999999999,0.25,0.5
p041__s04,0.39999999999999997,0.8999999999999998,0.25,0.25
p041__s05,0.7,0.9999999999999999,0.25,0.0
p041__s06,0.7,0.0,0.25,0.75
p041__s07,0.7,0.8999999999999998,0.25,0.25
p041__s08,0.6,0.39999999999999997,0.5,0.25
p041__s09,0.8999999999999998,0.39999999999999997,0.25,0.25
p042__s00,0.7,0.0,0.25,0.75
p042__s01,0.7,0.8999999999999998,0.25,0.25
p042__s02,0.7,0.8999999999999998,0.25,0.25
p042__s03,0.39999999999999997,0.9999999999999999,0.25,0.0
p042__s04,0.39999999999999997,0.3,0.25,0.5
p042__s05,0.7,0.0,0.25,0.75
p042__s06,0.7,0.6,0.25,0.5
p042__s07,0.7,0.8999999999999998,0.25,0.25
p042__s08,0.9999999999999999,0.3,0.0,0.5
p042__s09,0.7,0.8999999999999998,0.25,0.25
p043__s00,0.39999999999999997,-0.7,0.25,0.75
p043__s01,0.7,0.9999999999999999,0.25,0.0
p043__s02,0.7,0.7,0.25,0.25
p043__s03,0.39999999999999997,0.39999999999999997,0.25,0.25
p043__s04,0.3,0.0,0.5,0.75
p043__s05,0.6,0.7,0.5,0.25
p043__s06,0.39999999999999997,0.7,0.25,0.25
p043__s07,0.6,0.8999999999999998,0.5,0.25
p043__s08,0.9999999999999999,0.9999999999999999,0.0,0.0
p043__s09,0.6,0.09999999999999999,0.5,0.5
p044__s00,0.7,0.8999999999999998,0.25,0.25
p044__s01,-0.3,0.9999999999999999,0.5,0.0
p044__s02,0.0,0.0,0.25,0.75
p044__s03,0.09999999999999999,0.3,0.5,0.5
p044__s04,-0.09999999999999999,0.0,0.5,0.75
p044__s05,0.39999999999999997,0.3,0.25,0.5
p044__s06,-0.6,0.8999999999999998,0.5,0.25
p044__s07,0.3,0.39999999999999997,0.5,0.25
p044__s08,-0.6,0.39999999999999997,0.5,0.25
p044__s09,0.7,0.9999999999999999,0.25,0.0
p045__s00,-0.7,0.9999999999999999,0.75,0.0
p045__s01,0.7,0.9999999999999999,0.25,0.0
p045__s02,0.39999999999999997,0.8999999999999998,0.25,0.25
p045__s03,0.3,0.3,0.5,0.5
p045__s04,0.39999999999999997,0.3,0.25,0.5
p045__s05,0.39999999999999997,0.8999999999999998,0.25,0.25
p045__s06,0.39999999999999997,0.3,0.25,0.5
p045__s07,0.0,0.7,0.25,0.25
p045__s08,0.7,0.6,0.25,0.5
p045__s09,0.7,0.7,0.25,0.25
p046__s00,-0.6,0.8999999999999998,0.5,0.25
p046__s01,0.7,0.9999999999999999,0.25,0.0
p046__s02,0.39999999999999997,0.7,0.25,0.25
p046__s03,0.39999999999999997,0.8999999999999998,0.25,0.25
p046__s04,0.39999999999999997,0.6,0.25,0.5
p046__s05,-0.6,0.6,0.5,0.5
p046__s06,0.39999999999999997,0.9999999999999999,0.25,0.0
p046__s07,-0.6,0.7,0.5,0.25
p046__s08,-0.3,0.8999999999999998,0.5,0.25
p046__s09,-0.3,0.39999999999999997,0.5,0.25
p047__s00,0.0,0.7,0.5,0.25
p047__s01,-0.9999999999999999,0.9999999999999999,1.0,0.0
p047__s02,-0.9999999999999999,0.6,1.0,0.5
p047__s03,-0.3,0.39999999999999997,0.5,0.25
p047__s04,-0.09999999999999999,0.09999999999999999,0.5,0.5
p047__s05,0.0,0.6,0.25,0.5
p047__s06,-0.7,0.7,0.75,0.25
p047__s07,-0.8999999999999998,0.3,0.75,0.5
p047__s08,-0.6,0.39999999999999997,0.5,0.25
p047__s09,0.39999999999999997,0.3,0.25,0.5
p048__s00,0.19999999999999998,0.7,0.5,0.25
p048__s01,0.8999999999999998,0.6,0.25,0.5
p048__s02,0.8999999999999998,0.3,0.25,0.5
p048__s03,0.39999999999999997,0.8999999999999998,0.25,0.25
p048__s04,0.7,0.09999999999999999,0.25,0.5
p048__s05,0.7,0.7,0.25,0.25
p048__s06,0.3,0.39999999999999997,0.5,0.25
p048__s07,0.7,0.8999999999999998,0.25,0.25
p048__s08,0.9999999999999999,0.9999999999999999,0.0,0.0
p048__s09,0.9999999999999999,0.8999999999999998,0.0,0.25
p049__s00,0.7,0.8999999999999998,0.25,0.25
p049__s01,0.7,0.9999999999999999,0.25,0.0
p049__s02,0.39999999999999997,0.8999999999999998,0.25,0.25
p049__s03,0.39999999999999997,0.7,0.25,0.25
p049__s04,-0.09999999999999999,0.09999999999999999,0.5,0.5
p049__s05,0.7,0.9999999999999999,0.25,0.0
p049__s06,0.39999999999999997,0.8999999999999998,0.25,0.25
p049__s07,0.3,0.8999999999999998,0.5,0.25
p049__s08,0.8999999999999998,0.7,0.25,0.25
p049__s09,0.7,0.9999999999999999,0.25,0.0
p050__s00,0.7,0.7,0.25,0.25
p050__s01,-0.3,0.9999999999999999,0.5,0.0
p050__s02,0.3,0.39999999999999997,0.5,0.25
p050__s03,0.39999999999999997,0.3,0.25,0.5
p050__s04,0.39999999999999997,0.8999999999999998,0.25,0.25
p050__s05,0.39999999999999997,0.7,0.25,0.25
p050__s06,0.39999999999999997,0.8999999999999998,0.25,0.25
p050__s07,-0.09999999999999999,0.8999999999999998,0.5,0.25
p050__s08,-0.09999999999999999,0.7,0.5,0.25
p050__s09,0.39999999999999997,0.7,0.25,0.25
p051__s00,0.39999999999999997,0.7,0.25,0.25
p051__s01,0.7,0.9999999999999999,0.25,0.0
p051__s02,0.7,0.09999999999999999,0.25,0.5
p051__s03,0.39999999999999997,0.7,0.25,0.25
p051__s04,-0.39999999999999997,0.09999999999999999,0.75,0.5
p051__s05,0.7,0.9999999999999999,0.25,0.0
p051__s06,0.7,0.9999999999999999,0.25,0.0
p051__s07,0.7,0.8999999999999998,0.25,0.25
p051__s08,0.9999999999999999,0.39999999999999997,0.0,0.25
p051__s09,0.6,0.09999999999999999,0.5,0.5
p052__s00,0.09999999999999999,0.09999999999999999,0.5,0.5
p052__s01,0.7,0.9999999999999999,0.25,0.0
p052__s02,0.7,0.9999999999999999,0.25,0.0
p052__s03,0.39999999999999997,0.9999999999999999,0.25,0.0
p052__s04,0.3,0.09999999999999999,0.5,0.5
p052__s05,0.9999999999999999,0.0,0.0,0.75
p052__s06,0.6,0.9999999999999999,0.5,0.0
p052__s07,0.8999999999999998,0.39999999999999997,0.25,0.25
p052__s08,0.9999999999999999,0.39999999999999997,0.0,0.25
p052__s09,0.7,0.7999999999999999,0.25,0.5
p053__s00,0.39999999999999997,0.8999999999999998,0.25,0.25
p053__s01,0.8999999999999998,0.9999999999999999,0.25,0.0
p053__s02,0.39999999999999997,0.7,0.25,0.25
p053__s03,0.3,0.9999999999999999,0.5,0.0
p053__s04,0.39999999999999997,0.9999999999999999,0.25,0.0
p053__s05,0.7,0.9999999999999999,0.25,0.0
p053__s06,0.7,0.6,0.25,0.5
p053__s07,0.7,0.8999999999999998,0.25,0.25
p053__s08,0.8999999999999998,0.7,0.25,0.25
p053__s09,0.7,0.9999999999999999,0.25,0.0
p054__s00,0.3,0.49999999999999994,0.5,0.25
p054__s01,0.7,0.8999999999999998,0.25,0.25
p054__s02,0.7,0.9999999999999999,0.25,0.0
p054__s03,0.3,0.9999999999999999,0.5,0.0
p054__s04,0.39999999999999997,0.6,0.25,0.5
p054__s05,0.7,0.6,0.25,0.5
p054__s06,0.39999999999999997,0.3,0.25,0.5
p054__s07,0.9999999999999999,0.3,0.0,0.5
p054__s08,0.8999999999999998,0.09999999999999999,0.25,0.5
p054__s09,0.7,0.3,0.25,0.5
p055__s00,0.7,0.9999999999999999,0.25,0.0
p055__s01,0.9999999999999999,0.6,0.0,0.5
p055__s02,0.39999999999999997,0.09999999999999999,0.25,0.5
p055__s03,0.3,0.39999999999999997,0.5,0.25
p055__s04,0.39999999999999997,0.09999999999999999,0.25,0.5
p055__s05,0.3,0.7,0.5,0.25
p055__s06,0.7,0.3,0.25,0.5
p055__s07,0.3,0.9999999999999999,0.5,0.0
p055__s08,0.6,0.3,0.5,0.5
p055__s09,0.8999999999999998,0.39999999999999997,0.25,0.25
p056__s00,0.39999999999999997,0.9999999999999999,0.25,0.0
p056__s01,0.7,0.8999999999999998,0.25,0.25
p056__s02,0.8999999999999998,0.9999999999999999,0.25,0.0
p056__s03,0.7,0.7,0.25,0.25
p056__s04,0.39999999999999997,0.7,0.25,0.25
p056__s05,0.9999999999999999,0.7,0.0,0.25
p056__s06,0.7,0.8999999999999998,0.25,0.25
p056__s07,0.9999999999999999,0.9999999999999999,0.0,0.0
p056__s08,0.9999999999999999,0.7,0.0,0.25
p056__s09,0.9999999999999999,0.8999999999999998,0.0,0.25
p057__s00,-0.6,0.9999999999999999,0.5,0.0
p057__s01,0.7,0.8999999999999998,0.25,0.25
p057__s02,0.39999999999999997,0.6,0.25,0.5
p057__s03,0.39999999999999997,0.6,0.25,0.5
p057__s04,0.7,0.0,0.25,0.75
p057__s05,0.39999999999999997,0.7,0.25,0.25
p057__s06,0.39999999999999997,0.09999999999999999,0.25,0.5
p057__s07,-0.9999999999999999,0.7,1.0,0.25
p057__s08,0.8999999999999998,0.7,0.25,0.25
p057__s09,0.8999999999999998,0.9999999999999999,0.25,0.0
p058__s00,-0.6,0.8999999999999998,0.5,0.25
p058__s01,0.8999999999999998,0.9999999999999999,0.25,0.0
p058__s02,0.7,0.9999999999999999,0.25,0.0
p058__s03,0.3,0.7,0.5,0.25
p058__s04,0.3,0.6,0.5,0.5
p058__s05,0.9999999999999999,0.9999999999999999,0.0,0.0
p058__s06,0.7,0.9999999999999999,0.25,0.0
p058__s07,0.8999999999999998,0.39999999999999997,0.25,0.25
p058__s08,0.9999999999999999,0.7,0.0,0.25
p058__s09,0.7,0.6,0.25,0.5
p059__s00,-0.7,0.6,0.75,0.5
p059__s01,0.7,0.9999999999999999,0.25,0.0
p059__s02,0.39999999999999997,0.6,0.25,0.5
p059__s03,0.3,0.9999999999999999,0.5,0.0
p059__s04,0.3,0.09999999999999999,0.5,0.5
p059__s05,0.7,0.9999999999999999,0.25,0.0
p059__s06,0.39999999999999997,0.39999999999999997,0.25,0.25
p059__s07,0.3,0.9999999999999999,0.5,0.0
p059__s08,0.7,0.9999999999999999,0.25,0.0
p059__s09,0.8999999999999998,0.9999999999999999,0.25,0.0
