method,content,style,ocr_sim,n_gt
alpha_050,p000,s02,0.5189,6
alpha_050,p000,s03,0.7778,6
alpha_050,p000,s00,0.7887,6
alpha_050,p000,s05,0.3498,6
alpha_050,p000,s04,0.5145,6
alpha_050,p000,s01,0.4461,6
alpha_050,p000,s06,0.5488,6
alpha_050,p000,s07,0.4401,6
alpha_050,p000,s09,0.7305,6
alpha_050,p000,s08,0.7125,6
alpha_050,p001,s00,0.9306,4
alpha_050,p001,s01,0.3819,4
alpha_050,p001,s02,0.8806,4
alpha_050,p001,s03,0.9722,4
alpha_050,p001,s06,0.8750,4
alpha_050,p001,s04,0.9583,4
alpha_050,p001,s07,0.8583,4
alpha_050,p001,s05,0.9583,4
alpha_050,p001,s08,0.9083,4
alpha_050,p001,s09,0.8125,4
alpha_050,p002,s01,0.3933,6
alpha_050,p002,s00,0.8880,6
alpha_050,p002,s02,0.3433,6
alpha_050,p002,s05,0.7901,6
alpha_050,p002,s04,0.8752,6
alpha_050,p002,s03,0.8138,6
alpha_050,p002,s07,0.6683,6
alpha_050,p002,s08,0.6262,6
alpha_050,p002,s06,0.8665,6
alpha_050,p002,s09,0.8294,6
alpha_050,p003,s00,0.5097,11
alpha_050,p003,s01,0.2657,11
alpha_050,p003,s02,0.3988,11
alpha_050,p003,s03,0.5628,11
alpha_050,p003,s04,0.5097,11
alpha_050,p003,s06,0.5628,11
alpha_050,p003,s05,0.4719,11
alpha_050,p003,s08,0.4118,11
alpha_050,p003,s07,0.5027,11
alpha_050,p003,s09,0.1667,11
alpha_050,p004,s00,0.3565,15
alpha_050,p004,s04,0.4542,15
alpha_050,p004,s02,0.1982,15
alpha_050,p004,s01,0.1667,15
alpha_050,p004,s03,0.4021,15
alpha_050,p004,s05,0.3812,15
alpha_050,p004,s06,0.3612,15
alpha_050,p004,s07,0.3839,15
alpha_050,p004,s08,0.3856,15
alpha_050,p004,s09,0.2961,15
alpha_050,p005,s00,0.8593,3
alpha_050,p005,s01,0.8222,3
alpha_050,p005,s02,0.8259,3
alpha_050,p005,s07,0.7852,3
alpha_050,p005,s06,0.7852,3
alpha_050,p005,s03,0.8426,3
alpha_050,p005,s04,0.8472,3
alpha_050,p005,s05,0.8519,3
alpha_050,p005,s08,0.9630,3
alpha_050,p005,s09,0.8889,3
alpha_050,p006,s00,0.5714,7
alpha_050,p006,s01,0.4786,7
alpha_050,p006,s04,0.5286,7
alpha_050,p006,s03,0.5857,7
alpha_050,p006,s02,0.3714,7
alpha_050,p006,s05,0.4452,7
alpha_050,p006,s06,0.4571,7
alpha_050,p006,s07,0.3714,7
alpha_050,p006,s08,0.5286,7
alpha_050,p006,s09,0.5786,7
alpha_050,p007,s00,0.6645,9
alpha_050,p007,s02,0.6232,9
alpha_050,p007,s01,0.7286,9
alpha_050,p007,s04,0.7619,9
alpha_050,p007,s03,0.7685,9
alpha_050,p007,s05,0.6270,9
alpha_050,p007,s06,0.6282,9
alpha_050,p007,s07,0.5196,9
alpha_050,p007,s08,0.7756,9
alpha_050,p007,s09,0.6129,9
alpha_050,p008,s00,0.9375,4
alpha_050,p008,s01,0.5819,4
alpha_050,p008,s06,0.7847,4
alpha_050,p008,s02,0.8681,4
alpha_050,p008,s07,0.7569,4
alpha_050,p008,s03,0.8472,4
alpha_050,p008,s04,0.9722,4
alpha_050,p008,s05,0.6597,4
alpha_050,p008,s08,0.8472,4
alpha_050,p008,s09,0.9097,4
alpha_050,p009,s00,0.5631,10
alpha_050,p009,s02,0.4344,10
alpha_050,p009,s01,0.3743,10
alpha_050,p009,s05,0.4644,10
alpha_050,p009,s03,0.5841,10
alpha_050,p009,s04,0.6003,10
alpha_050,p009,s06,0.4976,10
alpha_050,p009,s07,0.5515,10
alpha_050,p009,s09,0.5597,10
alpha_050,p009,s08,0.5387,10
alpha_050,p010,s00,0.3201,16
alpha_050,p010,s01,0.1678,16
alpha_050,p010,s02,0.3492,16
alpha_050,p010,s03,0.3645,16
alpha_050,p010,s05,0.2326,16
alpha_050,p010,s04,0.3926,16
alpha_050,p010,s07,0.2410,16
alpha_050,p010,s06,0.3401,16
alpha_050,p010,s08,0.3553,16
alpha_050,p010,s09,0.3643,16
alpha_050,p011,s00,1.0000,2
alpha_050,p011,s01,0.7750,2
alpha_050,p011,s02,0.9000,2
alpha_050,p011,s03,0.9000,2
alpha_050,p011,s06,0.9000,2
alpha_050,p011,s07,1.0000,2
alpha_050,p011,s08,0.8000,2
alpha_050,p011,s09,1.0000,2
alpha_050,p011,s04,0.9000,2
alpha_050,p011,s05,0.5000,2
alpha_050,p012,s01,0.1577,8
alpha_050,p012,s00,0.4330,8
alpha_050,p012,s02,0.2309,8
alpha_050,p012,s04,0.3818,8
alpha_050,p012,s03,0.3193,8
alpha_050,p012,s05,0.2420,8
alpha_050,p012,s06,0.2287,8
alpha_050,p012,s07,0.2611,8
alpha_050,p012,s08,0.2662,8
alpha_050,p012,s09,0.3662,8
alpha_050,p013,s00,0.6250,14
alpha_050,p013,s01,0.6339,14
alpha_050,p013,s02,0.4157,14
alpha_050,p013,s03,0.4774,14
alpha_050,p013,s05,0.3810,14
alpha_050,p013,s04,0.6937,14
alpha_050,p013,s07,0.4311,14
alpha_050,p013,s06,0.7427,14
alpha_050,p013,s08,0.6429,14
alpha_050,p013,s09,0.6633,14
alpha_050,p014,s00,0.4537,12
alpha_050,p014,s01,0.3565,12
alpha_050,p014,s02,0.3681,12
alpha_050,p014,s07,0.3704,12
alpha_050,p014,s06,0.4051,12
alpha_050,p014,s05,0.3115,12
alpha_050,p014,s03,0.4352,12
alpha_050,p014,s04,0.5162,12
alpha_050,p014,s08,0.4537,12
alpha_050,p014,s09,0.3380,12
alpha_050,p015,s00,0.4679,14
alpha_050,p015,s02,0.3577,14
alpha_050,p015,s01,0.2753,14
alpha_050,p015,s03,0.5536,14
alpha_050,p015,s04,0.4768,14
alpha_050,p015,s06,0.4619,14
alpha_050,p015,s07,0.4035,14
alpha_050,p015,s08,0.4732,14
alpha_050,p015,s05,0.3238,14
alpha_050,p015,s09,0.3893,14
alpha_050,p016,s02,0.4710,16
alpha_050,p016,s00,0.5538,16
alpha_050,p016,s03,0.5818,16
alpha_050,p016,s04,0.6338,16
alpha_050,p016,s01,0.4458,16
alpha_050,p016,s05,0.3187,16
alpha_050,p016,s06,0.5813,16
alpha_050,p016,s07,0.5093,16
alpha_050,p016,s09,0.4910,16
alpha_050,p016,s08,0.6487,16
alpha_050,p017,s00,0.8020,8
alpha_050,p017,s01,0.8724,8
alpha_050,p017,s02,0.7379,8
alpha_050,p017,s04,0.8703,8
alpha_050,p017,s06,0.7370,8
alpha_050,p017,s03,0.8771,8
alpha_050,p017,s07,0.7917,8
alpha_050,p017,s05,0.7094,8
alpha_050,p017,s08,0.8935,8
alpha_050,p017,s09,0.6495,8
alpha_050,p018,s02,0.5149,17
alpha_050,p018,s00,0.7274,17
alpha_050,p018,s01,0.6461,17
alpha_050,p018,s04,0.6486,17
alpha_050,p018,s05,0.5571,17
alpha_050,p018,s03,0.7598,17
alpha_050,p018,s06,0.6046,17
alpha_050,p018,s07,0.7295,17
alpha_050,p018,s08,0.7383,17
alpha_050,p018,s09,0.6616,17
alpha_050,p019,s00,0.4167,9
alpha_050,p019,s01,0.2153,9
alpha_050,p019,s03,0.4683,9
alpha_050,p019,s02,0.4749,9
alpha_050,p019,s06,0.5952,9
alpha_050,p019,s04,0.6389,9
alpha_050,p019,s07,0.4074,9
alpha_050,p019,s05,0.2870,9
alpha_050,p019,s08,0.5516,9
alpha_050,p019,s09,0.3333,9
alpha_050,p020,s00,0.5000,2
alpha_050,p020,s01,0.4000,2
alpha_050,p020,s02,0.5000,2
alpha_050,p020,s06,0.5000,2
alpha_050,p020,s03,0.8333,2
alpha_050,p020,s07,0.5000,2
alpha_050,p020,s08,0.5000,2
alpha_050,p020,s04,0.5000,2
alpha_050,p020,s09,0.5000,2
alpha_050,p020,s05,0.5000,2
alpha_050,p021,s01,0.2467,16
alpha_050,p021,s00,0.2437,16
alpha_050,p021,s02,0.2678,16
alpha_050,p021,s05,0.1878,16
alpha_050,p021,s06,0.2959,16
alpha_050,p021,s03,0.2789,16
alpha_050,p021,s04,0.3188,16
alpha_050,p021,s07,0.2377,16
alpha_050,p021,s09,0.2542,16
alpha_050,p021,s08,0.3156,16
alpha_050,p022,s00,0.4853,9
alpha_050,p022,s02,0.6448,9
alpha_050,p022,s01,0.4433,9
alpha_050,p022,s03,0.6339,9
alpha_050,p022,s06,0.6423,9
alpha_050,p022,s04,0.7122,9
alpha_050,p022,s05,0.3556,9
alpha_050,p022,s07,0.5292,9
alpha_050,p022,s08,0.5747,9
alpha_050,p022,s09,0.7101,9
alpha_050,p023,s01,0.4206,4
alpha_050,p023,s00,0.8604,4
alpha_050,p023,s03,0.9643,4
alpha_050,p023,s02,0.7976,4
alpha_050,p023,s04,0.7698,4
alpha_050,p023,s06,0.7619,4
alpha_050,p023,s07,0.9188,4
alpha_050,p023,s08,0.8262,4
alpha_050,p023,s05,0.8310,4
alpha_050,p023,s09,0.7758,4
alpha_050,p024,s00,0.4776,19
alpha_050,p024,s05,0.3063,19
alpha_050,p024,s03,0.4471,19
alpha_050,p024,s04,0.4402,19
alpha_050,p024,s02,0.4108,19
alpha_050,p024,s01,0.4203,19
alpha_050,p024,s06,0.4313,19
alpha_050,p024,s09,0.4354,19
alpha_050,p024,s07,0.5132,19
alpha_050,p024,s08,0.6232,19
alpha_050,p025,s01,0.4274,5
alpha_050,p025,s00,0.7018,5
alpha_050,p025,s02,0.5625,5
alpha_050,p025,s06,0.3107,5
alpha_050,p025,s07,0.6196,5
alpha_050,p025,s05,0.4289,5
alpha_050,p025,s03,0.6196,5
alpha_050,p025,s04,0.5143,5
alpha_050,p025,s08,0.8732,5
alpha_050,p025,s09,0.3107,5
alpha_050,p026,s00,0.2647,2
alpha_050,p026,s02,0.1765,2
alpha_050,p026,s01,0.1176,2
alpha_050,p026,s03,0.7005,2
alpha_050,p026,s04,0.2941,2
alpha_050,p026,s06,0.2105,2
alpha_050,p026,s05,0.1471,2
alpha_050,p026,s07,0.2353,2
alpha_050,p026,s08,0.3529,2
alpha_050,p026,s09,0.1176,2
alpha_050,p027,s00,0.5486,6
alpha_050,p027,s01,0.4852,6
alpha_050,p027,s02,0.5185,6
alpha_050,p027,s03,0.6204,6
alpha_050,p027,s04,0.5407,6
alpha_050,p027,s05,0.6019,6
alpha_050,p027,s06,0.5741,6
alpha_050,p027,s08,0.6204,6
alpha_050,p027,s07,0.5635,6
alpha_050,p027,s09,0.6204,6
alpha_050,p028,s00,0.8039,6
alpha_050,p028,s01,0.6940,6
alpha_050,p028,s02,0.9216,6
alpha_050,p028,s03,0.8065,6
alpha_050,p028,s04,0.6919,6
alpha_050,p028,s05,0.6919,6
alpha_050,p028,s06,0.7157,6
alpha_050,p028,s07,0.7157,6
alpha_050,p028,s08,0.8150,6
alpha_050,p028,s09,0.7665,6
alpha_050,p029,s00,0.5818,15
alpha_050,p029,s02,0.4906,15
alpha_050,p029,s01,0.4007,15
alpha_050,p029,s03,0.5807,15
alpha_050,p029,s05,0.3984,15
alpha_050,p029,s04,0.6080,15
alpha_050,p029,s06,0.5062,15
alpha_050,p029,s07,0.3363,15
alpha_050,p029,s08,0.5313,15
alpha_050,p029,s09,0.5980,15
alpha_050,p030,s00,0.3951,5
alpha_050,p030,s01,0.0000,5
alpha_050,p030,s06,0.3264,5
alpha_050,p030,s07,0.1977,5
alpha_050,p030,s02,0.3182,5
alpha_050,p030,s03,0.3750,5
alpha_050,p030,s08,0.2289,5
alpha_050,p030,s04,0.6078,5
alpha_050,p030,s05,0.2343,5
alpha_050,p030,s09,0.4640,5
alpha_050,p031,s00,0.5185,9
alpha_050,p031,s01,0.3945,9
alpha_050,p031,s02,0.4286,9
alpha_050,p031,s03,0.5370,9
alpha_050,p031,s04,0.3889,9
alpha_050,p031,s05,0.4136,9
alpha_050,p031,s06,0.4506,9
alpha_050,p031,s07,0.4037,9
alpha_050,p031,s08,0.5926,9
alpha_050,p031,s09,0.4457,9
alpha_050,p032,s00,0.5042,4
alpha_050,p032,s01,0.3063,4
alpha_050,p032,s06,0.4417,4
alpha_050,p032,s02,0.3063,4
alpha_050,p032,s03,0.4917,4
alpha_050,p032,s04,0.5875,4
alpha_050,p032,s08,0.4729,4
alpha_050,p032,s07,0.3063,4
alpha_050,p032,s05,0.5542,4
alpha_050,p032,s09,0.5750,4
alpha_050,p033,s00,0.6766,7
alpha_050,p033,s03,0.6385,7
alpha_050,p033,s02,0.5925,7
alpha_050,p033,s01,0.4611,7
alpha_050,p033,s04,0.5056,7
alpha_050,p033,s05,0.5881,7
alpha_050,p033,s08,0.6405,7
alpha_050,p033,s06,0.5999,7
alpha_050,p033,s07,0.6048,7
alpha_050,p033,s09,0.6643,7
alpha_050,p034,s00,0.7000,6
alpha_050,p034,s01,0.4167,6
alpha_050,p034,s03,0.6208,6
alpha_050,p034,s04,0.6167,6
alpha_050,p034,s02,0.6583,6
alpha_050,p034,s05,0.4875,6
alpha_050,p034,s06,0.5352,6
alpha_050,p034,s07,0.6352,6
alpha_050,p034,s08,0.6667,6
alpha_050,p034,s09,0.5545,6
alpha_050,p035,s00,0.8846,2
alpha_050,p035,s02,0.8654,2
alpha_050,p035,s01,0.8324,2
alpha_050,p035,s06,0.9423,2
alpha_050,p035,s03,0.9231,2
alpha_050,p035,s07,0.8846,2
alpha_050,p035,s05,0.7885,2
alpha_050,p035,s04,0.8846,2
alpha_050,p035,s08,0.9615,2
alpha_050,p035,s09,0.8462,2
alpha_050,p036,s00,0.2525,12
alpha_050,p036,s01,0.1506,12
alpha_050,p036,s02,0.0595,12
alpha_050,p036,s04,0.1266,12
alpha_050,p036,s03,0.1131,12
alpha_050,p036,s05,0.0970,12
alpha_050,p036,s06,0.1652,12
alpha_050,p036,s08,0.3297,12
alpha_050,p036,s07,0.1682,12
alpha_050,p036,s09,0.0833,12
alpha_050,p037,s00,0.8864,3
alpha_050,p037,s01,0.6515,3
alpha_050,p037,s02,0.9583,3
alpha_050,p037,s03,0.9583,3
alpha_050,p037,s04,0.9327,3
alpha_050,p037,s05,0.8296,3
alpha_050,p037,s06,0.9697,3
alpha_050,p037,s07,0.9167,3
alpha_050,p037,s08,1.0000,3
alpha_050,p037,s09,0.6917,3
alpha_050,p038,s00,0.2542,12
alpha_050,p038,s01,0.1485,12
alpha_050,p038,s02,0.2229,12
alpha_050,p038,s03,0.2762,12
alpha_050,p038,s04,0.2970,12
alpha_050,p038,s06,0.3167,12
alpha_050,p038,s05,0.1678,12
alpha_050,p038,s07,0.2167,12
alpha_050,p038,s08,0.2488,12
alpha_050,p038,s09,0.2407,12
alpha_050,p039,s00,0.3889,9
alpha_050,p039,s01,0.3360,9
alpha_050,p039,s02,0.3889,9
alpha_050,p039,s03,0.3889,9
alpha_050,p039,s06,0.3889,9
alpha_050,p039,s08,0.5794,9
alpha_050,p039,s04,0.5952,9
alpha_050,p039,s05,0.3750,9
alpha_050,p039,s07,0.5476,9
alpha_050,p039,s09,0.3214,9
alpha_050,p040,s00,0.7121,3
alpha_050,p040,s03,0.9250,3
alpha_050,p040,s02,0.8917,3
alpha_050,p040,s01,0.0000,3
alpha_050,p040,s04,0.8121,3
alpha_050,p040,s05,0.7333,3
alpha_050,p040,s06,0.8259,3
alpha_050,p040,s08,0.8259,3
alpha_050,p040,s07,0.7333,3
alpha_050,p040,s09,0.8455,3
alpha_050,p041,s00,1.0000,3
alpha_050,p041,s01,0.9524,3
alpha_050,p041,s02,0.8631,3
alpha_050,p041,s03,0.9583,3
alpha_050,p041,s04,1.0000,3
alpha_050,p041,s05,0.9524,3
alpha_050,p041,s06,0.9583,3
alpha_050,p041,s07,0.9583,3
alpha_050,p041,s08,0.9583,3
alpha_050,p041,s09,1.0000,3
alpha_050,p042,s00,0.7847,6
alpha_050,p042,s02,0.3482,6
alpha_050,p042,s01,0.2292,6
alpha_050,p042,s04,0.7550,6
alpha_050,p042,s03,0.7341,6
alpha_050,p042,s06,0.7371,6
alpha_050,p042,s05,0.3929,6
alpha_050,p042,s08,0.6895,6
alpha_050,p042,s07,0.3690,6
alpha_050,p042,s09,0.6227,6
alpha_050,p043,s01,0.5083,4
alpha_050,p043,s00,0.7500,4
alpha_050,p043,s02,0.6058,4
alpha_050,p043,s03,0.6875,4
alpha_050,p043,s04,0.5417,4
alpha_050,p043,s07,0.5417,4
alpha_050,p043,s06,0.6250,4
alpha_050,p043,s08,0.7500,4
alpha_050,p043,s05,0.5417,4
alpha_050,p043,s09,0.5417,4
alpha_050,p044,s00,0.5000,7
alpha_050,p044,s02,0.3571,7
alpha_050,p044,s01,0.4107,7
alpha_050,p044,s03,0.6582,7
alpha_050,p044,s04,0.5714,7
alpha_050,p044,s05,0.5000,7
alpha_050,p044,s06,0.5298,7
alpha_050,p044,s07,0.5255,7
alpha_050,p044,s08,0.6633,7
alpha_050,p044,s09,0.3333,7
alpha_050,p045,s00,0.7325,8
alpha_050,p045,s02,0.5542,8
alpha_050,p045,s03,0.4271,8
alpha_050,p045,s01,0.4295,8
alpha_050,p045,s05,0.4831,8
alpha_050,p045,s04,0.4844,8
alpha_050,p045,s06,0.4375,8
alpha_050,p045,s08,0.7055,8
alpha_050,p045,s09,0.6713,8
alpha_050,p045,s07,0.6207,8
alpha_050,p046,s00,0.4565,12
alpha_050,p046,s02,0.3704,12
alpha_050,p046,s03,0.3891,12
alpha_050,p046,s01,0.1086,12
alpha_050,p046,s05,0.2761,12
alpha_050,p046,s04,0.5207,12
alpha_050,p046,s06,0.5120,12
alpha_050,p046,s07,0.3200,12
alpha_050,p046,s09,0.3631,12
alpha_050,p046,s08,0.6046,12
alpha_050,p047,s00,0.7188,4
alpha_050,p047,s01,0.6250,4
alpha_050,p047,s02,0.6960,4
alpha_050,p047,s03,0.7188,4
alpha_050,p047,s04,0.7500,4
alpha_050,p047,s06,0.6687,4
alpha_050,p047,s07,0.7500,4
alpha_050,p047,s05,0.7188,4
alpha_050,p047,s08,0.7000,4
alpha_050,p047,s09,0.7188,4
alpha_050,p048,s00,0.4107,7
alpha_050,p048,s01,0.3968,7
alpha_050,p048,s02,0.4286,7
alpha_050,p048,s05,0.3286,7
alpha_050,p048,s04,0.4592,7
alpha_050,p048,s03,0.4921,7
alpha_050,p048,s08,0.4000,7
alpha_050,p048,s06,0.3776,7
alpha_050,p048,s07,0.4286,7
alpha_050,p048,s09,0.3750,7
alpha_050,p049,s00,0.4551,12
alpha_050,p049,s01,0.4543,12
alpha_050,p049,s02,0.3402,12
alpha_050,p049,s04,0.5391,12
alpha_050,p049,s03,0.4829,12
alpha_050,p049,s05,0.3926,12
alpha_050,p049,s09,0.5329,12
alpha_050,p049,s06,0.4736,12
alpha_050,p049,s07,0.4710,12
alpha_050,p049,s08,0.4725,12
alpha_050,p050,s00,0.6579,5
alpha_050,p050,s01,0.5079,5
alpha_050,p050,s03,0.7302,5
alpha_050,p050,s02,0.6079,5
alpha_050,p050,s06,0.7754,5
alpha_050,p050,s04,0.7115,5
alpha_050,p050,s07,0.6865,5
alpha_050,p050,s05,0.6865,5
alpha_050,p050,s08,0.7623,5
alpha_050,p050,s09,0.6079,5
alpha_050,p051,s00,0.5188,8
alpha_050,p051,s01,0.4071,8
alpha_050,p051,s02,0.5366,8
alpha_050,p051,s04,0.5188,8
alpha_050,p051,s05,0.4071,8
alpha_050,p051,s03,0.5366,8
alpha_050,p051,s06,0.5366,8
alpha_050,p051,s08,0.5366,8
alpha_050,p051,s07,0.4574,8
alpha_050,p051,s09,0.4250,8
alpha_050,p052,s00,0.6667,3
alpha_050,p052,s01,0.6667,3
alpha_050,p052,s02,0.6667,3
alpha_050,p052,s07,0.6667,3
alpha_050,p052,s03,0.6667,3
alpha_050,p052,s06,0.6667,3
alpha_050,p052,s04,0.6667,3
alpha_050,p052,s08,0.6667,3
alpha_050,p052,s05,0.6667,3
alpha_050,p052,s09,0.6667,3
alpha_050,p053,s00,0.7750,5
alpha_050,p053,s01,0.7000,5
alpha_050,p053,s02,0.7500,5
alpha_050,p053,s04,0.7500,5
alpha_050,p053,s03,0.8000,5
alpha_050,p053,s05,0.7250,5
alpha_050,p053,s06,0.8000,5
alpha_050,p053,s08,0.8000,5
alpha_050,p053,s07,0.7250,5
alpha_050,p053,s09,0.7000,5
alpha_050,p054,s00,0.4345,6
alpha_050,p054,s01,0.1944,6
alpha_050,p054,s03,0.4385,6
alpha_050,p054,s05,0.3968,6
alpha_050,p054,s02,0.4524,6
alpha_050,p054,s04,0.4325,6
alpha_050,p054,s06,0.4802,6
alpha_050,p054,s07,0.4583,6
alpha_050,p054,s09,0.4206,6
alpha_050,p054,s08,0.5000,6
alpha_050,p055,s02,0.4402,10
alpha_050,p055,s01,0.5213,10
alpha_050,p055,s00,0.6832,10
alpha_050,p055,s05,0.5167,10
alpha_050,p055,s04,0.6602,10
alpha_050,p055,s03,0.6432,10
alpha_050,p055,s06,0.6009,10
alpha_050,p055,s07,0.6923,10
alpha_050,p055,s08,0.7591,10
alpha_050,p055,s09,0.6373,10
alpha_050,p056,s01,0.2571,5
alpha_050,p056,s00,0.5048,5
alpha_050,p056,s02,0.5581,5
alpha_050,p056,s03,0.5590,5
alpha_050,p056,s07,0.5314,5
alpha_050,p056,s08,0.4933,5
alpha_050,p056,s06,0.5724,5
alpha_050,p056,s04,0.5867,5
alpha_050,p056,s05,0.4610,5
alpha_050,p056,s09,0.5724,5
alpha_050,p057,s01,0.5367,10
alpha_050,p057,s00,0.6331,10
alpha_050,p057,s03,0.5745,10
alpha_050,p057,s02,0.5096,10
alpha_050,p057,s04,0.5376,10
alpha_050,p057,s06,0.4442,10
alpha_050,p057,s05,0.4647,10
alpha_050,p057,s07,0.5113,10
alpha_050,p057,s08,0.5902,10
alpha_050,p057,s09,0.6531,10
alpha_050,p058,s00,0.8600,5
alpha_050,p058,s02,0.8711,5
alpha_050,p058,s03,0.8889,5
alpha_050,p058,s01,0.3733,5
alpha_050,p058,s06,0.9667,5
alpha_050,p058,s04,0.9267,5
alpha_050,p058,s08,0.7600,5
alpha_050,p058,s05,0.8933,5
alpha_050,p058,s07,0.8000,5
alpha_050,p058,s09,0.9267,5
alpha_050,p059,s00,0.4042,12
alpha_050,p059,s02,0.2740,12
alpha_050,p059,s01,0.2269,12
alpha_050,p059,s04,0.4327,12
alpha_050,p059,s03,0.4865,12
alpha_050,p059,s05,0.2807,12
alpha_050,p059,s08,0.4293,12
alpha_050,p059,s07,0.4178,12
protected,p000,s00,0.7136,6
alpha_050,p059,s09,0.4181,12
alpha_050,p059,s06,0.3160,12
protected,p000,s01,0.4271,6
protected,p000,s05,0.4972,6
protected,p000,s02,0.3726,6
protected,p000,s03,0.7593,6
protected,p000,s06,0.4868,6
protected,p000,s04,0.4996,6
protected,p000,s07,0.3274,6
protected,p001,s01,0.5000,4
protected,p001,s00,0.9583,4
protected,p001,s02,0.9583,4
protected,p001,s03,0.9583,4
protected,p000,s08,0.6193,6
protected,p000,s09,0.4968,6
protected,p001,s04,0.9583,4
protected,p001,s05,0.9583,4
protected,p001,s06,0.7625,4
protected,p001,s07,0.8181,4
protected,p001,s08,0.9306,4
protected,p001,s09,0.8958,4
protected,p002,s01,0.1389,6
protected,p002,s00,0.8452,6
protected,p002,s05,0.8016,6
protected,p002,s02,0.7049,6
protected,p002,s04,0.8889,6
protected,p002,s03,0.8889,6
protected,p002,s06,0.7524,6
protected,p002,s07,0.7683,6
protected,p002,s08,0.8139,6
protected,p003,s00,0.4464,11
protected,p002,s09,0.8457,6
protected,p003,s02,0.4199,11
protected,p003,s04,0.5628,11
protected,p003,s01,0.4004,11
protected,p003,s03,0.5325,11
protected,p003,s05,0.3858,11
protected,p003,s06,0.4838,11
protected,p003,s07,0.4345,11
protected,p003,s08,0.4719,11
protected,p003,s09,0.5476,11
protected,p004,s02,0.3493,15
protected,p004,s01,0.2074,15
protected,p004,s00,0.3342,15
protected,p004,s04,0.3713,15
protected,p004,s05,0.3850,15
protected,p004,s03,0.4443,15
protected,p005,s01,0.8222,3
protected,p004,s07,0.3815,15
protected,p005,s00,0.8148,3
protected,p004,s06,0.5020,15
protected,p004,s08,0.3700,15
protected,p004,s09,0.3931,15
protected,p005,s04,0.8148,3
protected,p005,s02,0.8519,3
protected,p005,s03,0.8148,3
protected,p005,s05,0.8148,3
protected,p005,s06,0.7481,3
protected,p005,s07,0.8222,3
protected,p005,s08,0.7593,3
protected,p005,s09,0.8519,3
protected,p006,s01,0.4786,7
protected,p006,s00,0.5714,7
protected,p006,s03,0.6000,7
protected,p006,s04,0.5286,7
protected,p006,s02,0.3643,7
protected,p006,s06,0.4571,7
protected,p006,s07,0.3714,7
protected,p006,s05,0.4929,7
protected,p006,s08,0.5286,7
protected,p006,s09,0.5643,7
protected,p007,s00,0.6387,9
protected,p007,s04,0.7394,9
protected,p007,s02,0.6560,9
protected,p007,s03,0.6867,9
protected,p007,s01,0.6577,9
protected,p007,s05,0.5692,9
protected,p008,s00,0.9375,4
protected,p007,s06,0.6040,9
protected,p008,s01,0.6597,4
protected,p007,s09,0.6230,9
protected,p008,s03,0.8472,4
protected,p008,s02,0.9097,4
protected,p007,s08,0.6463,9
protected,p007,s07,0.5995,9
protected,p008,s04,0.9375,4
protected,p008,s07,0.8750,4
protected,p008,s05,0.7847,4
protected,p008,s06,0.7847,4
protected,p008,s09,0.9375,4
protected,p008,s08,0.8472,4
protected,p009,s02,0.4386,10
protected,p009,s04,0.5964,10
protected,p009,s01,0.0667,10
protected,p009,s03,0.6203,10
protected,p009,s00,0.6203,10
protected,p009,s05,0.5113,10
protected,p009,s06,0.5597,10
protected,p009,s09,0.5841,10
protected,p009,s07,0.5644,10
protected,p010,s00,0.3116,16
protected,p009,s08,0.5162,10
protected,p010,s01,0.1683,16
protected,p010,s05,0.2229,16
protected,p010,s02,0.3327,16
protected,p010,s03,0.4571,16
protected,p010,s04,0.3699,16
protected,p010,s07,0.2795,16
protected,p010,s06,0.2850,16
protected,p011,s00,0.8000,2
protected,p010,s09,0.3384,16
protected,p011,s01,0.6750,2
protected,p010,s08,0.3371,16
protected,p011,s02,0.8000,2
protected,p011,s03,0.8000,2
protected,p011,s04,0.9000,2
protected,p011,s07,0.8750,2
protected,p011,s05,0.8000,2
protected,p011,s06,0.9000,2
protected,p011,s08,0.8000,2
protected,p011,s09,0.8000,2
protected,p012,s01,0.1568,8
protected,p012,s00,0.3693,8
protected,p012,s02,0.2429,8
protected,p012,s05,0.2013,8
protected,p012,s03,0.2412,8
protected,p012,s04,0.3662,8
protected,p012,s06,0.2318,8
protected,p012,s08,0.3077,8
protected,p012,s07,0.2434,8
protected,p012,s09,0.2412,8
protected,p013,s00,0.4960,14
protected,p013,s01,0.5833,14
protected,p013,s02,0.4047,14
protected,p013,s03,0.4625,14
protected,p013,s04,0.7360,14
protected,p013,s05,0.4025,14
protected,p013,s07,0.4566,14
protected,p013,s06,0.6467,14
protected,p014,s00,0.4722,12
protected,p013,s08,0.6531,14
protected,p014,s01,0.3148,12
protected,p013,s09,0.7207,14
protected,p014,s02,0.3426,12
protected,p014,s05,0.3565,12
protected,p014,s07,0.4259,12
protected,p014,s03,0.4352,12
protected,p014,s04,0.5347,12
protected,p014,s06,0.4676,12
protected,p014,s08,0.5146,12
protected,p015,s01,0.2780,14
protected,p015,s00,0.4905,14
protected,p014,s09,0.3356,12
protected,p015,s02,0.4089,14
protected,p015,s03,0.5446,14
protected,p015,s05,0.3863,14
protected,p015,s04,0.4732,14
protected,p015,s07,0.3274,14
protected,p015,s06,0.4821,14
protected,p015,s08,0.3893,14
protected,p015,s09,0.4250,14
protected,p016,s02,0.4821,16
protected,p016,s00,0.5662,16
protected,p016,s01,0.4480,16
protected,p016,s03,0.5933,16
protected,p016,s05,0.5150,16
protected,p016,s04,0.6196,16
protected,p016,s06,0.5730,16
protected,p017,s00,0.9151,8
protected,p016,s08,0.6589,16
protected,p017,s01,0.8881,8
protected,p016,s07,0.5002,16
protected,p016,s09,0.4781,16
protected,p017,s02,0.7422,8
protected,p017,s06,0.7642,8
protected,p017,s03,0.8692,8
protected,p017,s04,0.8904,8
protected,p017,s05,0.5998,8
protected,p017,s07,0.8759,8
protected,p017,s08,0.9091,8
protected,p017,s09,0.5459,8
protected,p018,s00,0.7391,17
protected,p018,s02,0.5660,17
protected,p018,s01,0.6246,17
protected,p018,s03,0.7437,17
protected,p018,s04,0.6520,17
protected,p018,s05,0.6130,17
protected,p018,s07,0.6344,17
protected,p018,s08,0.7206,17
protected,p018,s06,0.6347,17
protected,p019,s00,0.4484,9
protected,p019,s01,0.2431,9
protected,p018,s09,0.6223,17
protected,p019,s02,0.4683,9
protected,p019,s03,0.4960,9
protected,p019,s04,0.6204,9
protected,p019,s05,0.3439,9
protected,p019,s08,0.4722,9
protected,p019,s06,0.4167,9
protected,p019,s07,0.3571,9
protected,p020,s00,0.8333,2
protected,p020,s01,0.4000,2
protected,p020,s02,0.4000,2
protected,p019,s09,0.3333,9
protected,p020,s03,0.8333,2
protected,p020,s04,0.8333,2
protected,p020,s05,0.4000,2
protected,p020,s07,0.5000,2
protected,p020,s06,0.6667,2
protected,p020,s08,0.6667,2
protected,p020,s09,0.5000,2
protected,p021,s01,0.2363,16
protected,p021,s00,0.3047,16
protected,p021,s02,0.3280,16
protected,p021,s05,0.2568,16
protected,p021,s04,0.2884,16
protected,p021,s06,0.2849,16
protected,p021,s08,0.3092,16
protected,p021,s03,0.3540,16
protected,p021,s07,0.2950,16
protected,p021,s09,0.2422,16
protected,p022,s00,0.6563,9
protected,p022,s03,0.6593,9
protected,p022,s02,0.6359,9
protected,p022,s01,0.3790,9
protected,p022,s05,0.5556,9
protected,p022,s06,0.7044,9
protected,p022,s04,0.7222,9
protected,p022,s09,0.7529,9
protected,p022,s07,0.6403,9
protected,p022,s08,0.6699,9
protected,p023,s01,0.5317,4
protected,p023,s00,0.8117,4
protected,p023,s02,0.7900,4
protected,p023,s03,0.9393,4
protected,p023,s04,0.8286,4
protected,p023,s05,0.8415,4
protected,p023,s07,0.8553,4
protected,p023,s06,0.9087,4
protected,p023,s08,0.8321,4
protected,p023,s09,0.8726,4
protected,p024,s02,0.4349,19
protected,p024,s00,0.4035,19
protected,p024,s01,0.4520,19
protected,p024,s03,0.4412,19
protected,p024,s04,0.4449,19
protected,p024,s05,0.4313,19
protected,p024,s09,0.4471,19
protected,p024,s06,0.4418,19
protected,p024,s07,0.3955,19
protected,p025,s00,0.7214,5
protected,p024,s08,0.5548,19
protected,p025,s02,0.5750,5
protected,p025,s01,0.3393,5
protected,p025,s06,0.4500,5
protected,p025,s05,0.6446,5
protected,p025,s03,0.7054,5
protected,p025,s04,0.6929,5
protected,p025,s07,0.6929,5
protected,p025,s08,0.7589,5
protected,p026,s00,0.2941,2
protected,p026,s02,0.2059,2
protected,p026,s01,0.2059,2
protected,p025,s09,0.5333,5
protected,p026,s04,0.4893,2
protected,p026,s03,0.5802,2
protected,p026,s06,0.3529,2
protected,p026,s05,0.2353,2
protected,p026,s07,0.2059,2
protected,p026,s08,0.3529,2
protected,p026,s09,0.2647,2
protected,p027,s00,0.6019,6
protected,p027,s02,0.5259,6
protected,p027,s01,0.4704,6
protected,p027,s03,0.6204,6
protected,p027,s04,0.5635,6
protected,p027,s06,0.5820,6
protected,p027,s05,0.5635,6
protected,p027,s08,0.6296,6
protected,p027,s07,0.6204,6
protected,p027,s09,0.5301,6
protected,p028,s00,0.9314,6
protected,p028,s03,0.9510,6
protected,p028,s01,0.6784,6
protected,p028,s02,0.9216,6
protected,p028,s04,0.7157,6
protected,p028,s06,0.8824,6
protected,p028,s05,0.7157,6
protected,p028,s08,0.7157,6
protected,p028,s07,0.6803,6
protected,p028,s09,0.7157,6
protected,p029,s00,0.4806,15
protected,p029,s03,0.5391,15
protected,p029,s02,0.4134,15
protected,p029,s01,0.3700,15
protected,p029,s04,0.5613,15
protected,p029,s05,0.4301,15
protected,p029,s07,0.2899,15
protected,p030,s01,0.0000,5
protected,p029,s08,0.5035,15
protected,p030,s00,0.5633,5
protected,p029,s06,0.3896,15
protected,p029,s09,0.4669,15
protected,p030,s02,0.2896,5
protected,p030,s03,0.4523,5
protected,p030,s05,0.3416,5
protected,p030,s04,0.6042,5
protected,p030,s06,0.3068,5
protected,p030,s07,0.0000,5
protected,p030,s08,0.0000,5
protected,p030,s09,0.3276,5
protected,p031,s02,0.4309,9
protected,p031,s01,0.3571,9
protected,p031,s03,0.4901,9
protected,p031,s00,0.5988,9
protected,p031,s04,0.6049,9
protected,p031,s05,0.4506,9
protected,p032,s00,0.6188,4
protected,p032,s02,0.4417,4
protected,p032,s01,0.1500,4
protected,p031,s06,0.4506,9
protected,p031,s08,0.6173,9
protected,p031,s07,0.4187,9
protected,p031,s09,0.4302,9
protected,p032,s03,0.5250,4
protected,p032,s05,0.6188,4
protected,p032,s06,0.4229,4
protected,p032,s04,0.5250,4
protected,p032,s07,0.4729,4
protected,p032,s08,0.4417,4
protected,p032,s09,0.5563,4
protected,p033,s04,0.6475,7
protected,p033,s01,0.4798,7
protected,p033,s02,0.5052,7
protected,p033,s03,0.6579,7
protected,p033,s00,0.6425,7
protected,p033,s06,0.6639,7
protected,p033,s05,0.5821,7
protected,p033,s07,0.5833,7
protected,p033,s09,0.5720,7
protected,p033,s08,0.5190,7
protected,p034,s00,0.5500,6
protected,p034,s02,0.6667,6
protected,p034,s03,0.7000,6
protected,p034,s01,0.4667,6
protected,p034,s04,0.6015,6
protected,p034,s05,0.4333,6
protected,p034,s06,0.4500,6
protected,p034,s07,0.5944,6
protected,p035,s00,0.8462,2
protected,p034,s08,0.4667,6
protected,p035,s02,0.9038,2
protected,p035,s01,0.8324,2
protected,p034,s09,0.4667,6
protected,p035,s03,0.8654,2
protected,p035,s05,0.8269,2
protected,p035,s06,0.9038,2
protected,p035,s04,0.8654,2
protected,p035,s07,0.8462,2
protected,p035,s08,0.9423,2
protected,p035,s09,0.7500,2
protected,p036,s02,0.0714,12
protected,p036,s00,0.2569,12
protected,p036,s01,0.1512,12
protected,p036,s04,0.0714,12
protected,p036,s05,0.0694,12
protected,p036,s03,0.1124,12
protected,p036,s06,0.1652,12
protected,p036,s07,0.1699,12
protected,p036,s09,0.1167,12
protected,p036,s08,0.3199,12
protected,p037,s00,0.9167,3
protected,p037,s01,0.6753,3
protected,p037,s02,0.9280,3
protected,p037,s03,0.9583,3
protected,p037,s08,0.9583,3
protected,p037,s04,0.8674,3
protected,p037,s06,0.8561,3
protected,p037,s07,0.9280,3
protected,p037,s05,0.7644,3
protected,p037,s09,0.8917,3
protected,p038,s00,0.2384,12
protected,p038,s01,0.1667,12
protected,p038,s04,0.3062,12
protected,p038,s03,0.3062,12
protected,p038,s02,0.2137,12
protected,p038,s05,0.1759,12
protected,p039,s00,0.3889,9
protected,p038,s07,0.1759,12
protected,p038,s06,0.2958,12
protected,p038,s08,0.2593,12
protected,p038,s09,0.3167,12
protected,p039,s01,0.4246,9
protected,p039,s02,0.5159,9
protected,p039,s03,0.3889,9
protected,p039,s04,0.5794,9
protected,p039,s05,0.3704,9
protected,p039,s06,0.3889,9
protected,p039,s07,0.3624,9
protected,p039,s08,0.5608,9
protected,p039,s09,0.3532,9
protected,p040,s00,0.8926,3
protected,p040,s01,0.6556,3
protected,p040,s02,0.8667,3
protected,p040,s03,0.9259,3
protected,p040,s04,0.9250,3
protected,p040,s07,0.6167,3
protected,p040,s05,0.7667,3
protected,p040,s06,0.8381,3
protected,p040,s08,0.8583,3
protected,p040,s09,0.8667,3
protected,p041,s00,1.0000,3
protected,p041,s02,0.9048,3
protected,p041,s01,0.7905,3
protected,p041,s03,0.9667,3
protected,p041,s04,0.9583,3
protected,p041,s05,0.9524,3
protected,p041,s06,1.0000,3
protected,p041,s07,1.0000,3
protected,p041,s09,0.9630,3
protected,p042,s00,0.7216,6
protected,p041,s08,1.0000,3
protected,p042,s01,0.0625,6
protected,p042,s03,0.7788,6
protected,p042,s02,0.5526,6
protected,p042,s05,0.6865,6
protected,p042,s07,0.6687,6
protected,p042,s06,0.7312,6
protected,p042,s04,0.6835,6
protected,p042,s08,0.6895,6
protected,p043,s01,0.4773,4
protected,p043,s02,0.7604,4
protected,p043,s00,0.6875,4
protected,p042,s09,0.6627,6
protected,p043,s03,0.7308,4
protected,p043,s04,0.6250,4
protected,p043,s05,0.5417,4
protected,p043,s07,0.5833,4
protected,p043,s06,0.5189,4
protected,p043,s08,0.6875,4
protected,p043,s09,0.5417,4
protected,p044,s00,0.6905,7
protected,p044,s01,0.3155,7
protected,p044,s02,0.4881,7
protected,p044,s04,0.5714,7
protected,p044,s03,0.7143,7
protected,p044,s05,0.5476,7
protected,p044,s06,0.6250,7
protected,p045,s00,0.7098,8
protected,p044,s08,0.6199,7
protected,p044,s07,0.5714,7
protected,p045,s01,0.4763,8
protected,p044,s09,0.6122,7
protected,p045,s02,0.4884,8
protected,p045,s03,0.5000,8
protected,p045,s05,0.5478,8
protected,p045,s04,0.3750,8
protected,p045,s07,0.2906,8
protected,p045,s06,0.3438,8
protected,p045,s08,0.4743,8
protected,p045,s09,0.4021,8
protected,p046,s00,0.4750,12
protected,p046,s02,0.2298,12
protected,p046,s03,0.5372,12
protected,p046,s01,0.1894,12
protected,p046,s05,0.5381,12
protected,p046,s04,0.4947,12
protected,p046,s09,0.6065,12
protected,p046,s06,0.4201,12
protected,p046,s08,0.6872,12
protected,p046,s07,0.4298,12
protected,p047,s01,0.7188,4
protected,p047,s00,0.7500,4
protected,p047,s02,0.6562,4
protected,p047,s03,0.7500,4
protected,p047,s05,0.7188,4
protected,p047,s04,0.7500,4
protected,p047,s07,0.6875,4
protected,p047,s08,0.7188,4
protected,p047,s06,0.7500,4
protected,p047,s09,0.7188,4
protected,p048,s00,0.4286,7
protected,p048,s01,0.3319,7
protected,p048,s02,0.3679,7
protected,p048,s04,0.4796,7
protected,p048,s03,0.4697,7
protected,p048,s05,0.3929,7
protected,p048,s06,0.3571,7
protected,p048,s07,0.4107,7
protected,p048,s08,0.4107,7
protected,p048,s09,0.4311,7
protected,p049,s00,0.4586,12
protected,p049,s01,0.4632,12
protected,p049,s02,0.4919,12
protected,p049,s03,0.5329,12
protected,p049,s05,0.5043,12
protected,p049,s04,0.5266,12
protected,p049,s06,0.4725,12
protected,p049,s09,0.4947,12
protected,p049,s07,0.3792,12
protected,p050,s01,0.5079,5
protected,p050,s00,0.6829,5
protected,p049,s08,0.4725,12
protected,p050,s02,0.4794,5
protected,p050,s03,0.6829,5
protected,p050,s04,0.7718,5
protected,p050,s06,0.7115,5
protected,p050,s05,0.6079,5
protected,p050,s09,0.6329,5
protected,p050,s07,0.6579,5
protected,p050,s08,0.6615,5
protected,p051,s00,0.5188,8
protected,p051,s01,0.2804,8
protected,p051,s02,0.4875,8
protected,p051,s03,0.5366,8
protected,p051,s04,0.5366,8
protected,p051,s05,0.4250,8
protected,p051,s06,0.5366,8
protected,p051,s08,0.5366,8
protected,p052,s00,0.8333,3
protected,p051,s09,0.4250,8
protected,p052,s01,0.6667,3
protected,p051,s07,0.4396,8
protected,p052,s02,0.6667,3
protected,p052,s03,0.6667,3
protected,p052,s04,0.6667,3
protected,p052,s07,0.6667,3
protected,p052,s05,0.6667,3
protected,p052,s06,0.6667,3
protected,p052,s09,0.6667,3
protected,p052,s08,0.7667,3
protected,p053,s00,0.7250,5
protected,p053,s02,0.7250,5
protected,p053,s03,0.7500,5
protected,p053,s01,0.6000,5
protected,p053,s05,0.7500,5
protected,p053,s04,0.7500,5
protected,p053,s08,0.7500,5
protected,p054,s00,0.4370,6
protected,p053,s07,0.6000,5
protected,p053,s09,0.7500,5
protected,p053,s06,0.7500,5
protected,p054,s02,0.4167,6
protected,p054,s05,0.4772,6
protected,p054,s04,0.4236,6
protected,p054,s01,0.2778,6
protected,p054,s06,0.4861,6
protected,p054,s03,0.4120,6
protected,p054,s09,0.3876,6
protected,p054,s08,0.4593,6
protected,p054,s07,0.3870,6
protected,p055,s00,0.7081,10
protected,p055,s02,0.5998,10
protected,p055,s01,0.5517,10
protected,p055,s03,0.6736,10
protected,p055,s04,0.6822,10
protected,p055,s05,0.6453,10
protected,p055,s06,0.5738,10
protected,p055,s08,0.7275,10
protected,p056,s00,0.5190,5
protected,p055,s07,0.5743,10
protected,p056,s01,0.2571,5
protected,p055,s09,0.6679,10
protected,p056,s02,0.5448,5
protected,p056,s03,0.5724,5
protected,p056,s05,0.5600,5
protected,p056,s04,0.5867,5
protected,p056,s06,0.5600,5
protected,p056,s07,0.4771,5
protected,p056,s08,0.5190,5
protected,p056,s09,0.6457,5
protected,p057,s01,0.5195,10
protected,p057,s03,0.5397,10
protected,p057,s00,0.6173,10
protected,p057,s02,0.5070,10
protected,p057,s04,0.4546,10
protected,p057,s05,0.4825,10
protected,p057,s06,0.3478,10
protected,p058,s00,0.8933,5
protected,p057,s08,0.5943,10
protected,p057,s09,0.5271,10
protected,p057,s07,0.5615,10
protected,p058,s01,0.8489,5
protected,p058,s02,0.7333,5
protected,p058,s04,0.8933,5
protected,p058,s07,0.8378,5
protected,p058,s03,0.8111,5
protected,p058,s05,0.8400,5
protected,p058,s06,0.8711,5
protected,p058,s08,0.6978,5
protected,p058,s09,0.9200,5
protected,p059,s00,0.3786,12
protected,p059,s03,0.4635,12
protected,p059,s01,0.2200,12
protected,p059,s02,0.2799,12
protected,p059,s04,0.3686,12
protected,p059,s05,0.2703,12
inverted,p000,s00,0.7758,6
protected,p059,s07,0.3160,12
protected,p059,s09,0.3903,12
protected,p059,s08,0.3813,12
protected,p059,s06,0.3229,12
inverted,p000,s01,0.4412,6
inverted,p000,s02,0.5292,6
inverted,p000,s04,0.4407,6
inverted,p000,s06,0.5878,6
inverted,p000,s03,0.7650,6
inverted,p000,s05,0.3228,6
inverted,p001,s00,0.9028,4
inverted,p000,s09,0.5591,6
inverted,p000,s07,0.4850,6
inverted,p001,s01,0.7986,4
inverted,p001,s02,0.9028,4
inverted,p000,s08,0.7815,6
inverted,p001,s03,0.9722,4
inverted,p001,s05,0.7986,4
inverted,p001,s04,0.8681,4
inverted,p001,s07,0.7083,4
inverted,p001,s06,0.6042,4
inverted,p001,s09,0.8333,4
inverted,p001,s08,0.9167,4
inverted,p002,s01,0.1389,6
inverted,p002,s02,0.3433,6
inverted,p002,s00,0.8552,6
inverted,p002,s05,0.3452,6
inverted,p002,s03,0.8810,6
inverted,p002,s04,0.8214,6
inverted,p002,s07,0.7024,6
inverted,p002,s08,0.8483,6
inverted,p002,s09,0.7413,6
inverted,p002,s06,0.7623,6
inverted,p003,s01,0.2803,11
inverted,p003,s00,0.5249,11
inverted,p003,s02,0.3837,11
inverted,p003,s03,0.5038,11
inverted,p003,s06,0.4194,11
inverted,p003,s04,0.5097,11
inverted,p003,s05,0.2159,11
inverted,p003,s08,0.5195,11
inverted,p003,s07,0.2446,11
inverted,p003,s09,0.4870,11
inverted,p004,s00,0.3847,15
inverted,p004,s02,0.2785,15
inverted,p004,s01,0.1750,15
inverted,p004,s04,0.4399,15
inverted,p004,s05,0.2841,15
inverted,p004,s03,0.3996,15
inverted,p004,s06,0.3222,15
inverted,p005,s00,0.8889,3
inverted,p004,s07,0.4199,15
inverted,p004,s08,0.3895,15
inverted,p004,s09,0.2995,15
inverted,p005,s01,0.8176,3
inverted,p005,s02,0.5556,3
inverted,p005,s03,0.8009,3
inverted,p005,s04,0.6972,3
inverted,p005,s05,0.9259,3
inverted,p005,s07,0.8889,3
inverted,p005,s06,0.5722,3
inverted,p005,s08,0.8009,3
inverted,p005,s09,0.8889,3
inverted,p006,s00,0.5714,7
inverted,p006,s01,0.5143,7
inverted,p006,s03,0.4429,7
inverted,p006,s04,0.5643,7
inverted,p006,s02,0.3714,7
inverted,p006,s05,0.4929,7
inverted,p006,s06,0.3714,7
inverted,p006,s07,0.3714,7
inverted,p006,s08,0.4929,7
inverted,p006,s09,0.4214,7
inverted,p007,s00,0.6273,9
inverted,p007,s02,0.5206,9
inverted,p007,s01,0.7470,9
inverted,p007,s05,0.5940,9
inverted,p007,s04,0.7224,9
inverted,p007,s03,0.7583,9
inverted,p007,s06,0.5934,9
inverted,p008,s00,0.9097,4
inverted,p007,s09,0.6952,9
inverted,p007,s08,0.7599,9
inverted,p008,s01,0.5819,4
inverted,p008,s02,0.8681,4
inverted,p007,s07,0.5102,9
inverted,p008,s05,0.6319,4
inverted,p008,s04,0.8542,4
inverted,p008,s07,0.7847,4
inverted,p008,s03,0.6875,4
inverted,p008,s06,0.7431,4
inverted,p008,s08,0.7847,4
inverted,p008,s09,0.9167,4
inverted,p009,s02,0.3477,10
inverted,p009,s03,0.5772,10
inverted,p009,s00,0.5305,10
inverted,p009,s01,0.4105,10
inverted,p009,s04,0.5567,10
inverted,p009,s05,0.4944,10
inverted,p009,s07,0.5177,10
inverted,p009,s06,0.4640,10
inverted,p010,s01,0.1513,16
inverted,p009,s09,0.4944,10
inverted,p010,s00,0.3952,16
inverted,p009,s08,0.5592,10
inverted,p010,s02,0.2275,16
inverted,p010,s03,0.2721,16
inverted,p010,s05,0.1688,16
inverted,p010,s06,0.2703,16
inverted,p010,s04,0.3978,16
inverted,p010,s07,0.2892,16
inverted,p011,s00,1.0000,2
inverted,p011,s02,0.9000,2
inverted,p011,s01,0.3750,2
inverted,p010,s08,0.4182,16
inverted,p010,s09,0.2702,16
inverted,p011,s04,0.9000,2
inverted,p011,s03,0.9000,2
inverted,p011,s06,0.9000,2
inverted,p011,s05,0.5000,2
inverted,p011,s09,0.8000,2
inverted,p011,s08,0.8000,2
inverted,p011,s07,0.5000,2
inverted,p012,s00,0.3670,8
inverted,p012,s01,0.2568,8
inverted,p012,s02,0.2434,8
inverted,p012,s04,0.3548,8
inverted,p012,s03,0.3205,8
inverted,p012,s05,0.3693,8
inverted,p012,s06,0.2287,8
inverted,p012,s08,0.2550,8
inverted,p012,s07,0.3099,8
inverted,p012,s09,0.3662,8
inverted,p013,s04,0.6196,14
inverted,p013,s03,0.5094,14
inverted,p013,s00,0.3988,14
inverted,p013,s01,0.5585,14
inverted,p013,s02,0.3661,14
inverted,p013,s05,0.4413,14
inverted,p013,s09,0.6359,14
inverted,p014,s00,0.4648,12
inverted,p013,s07,0.4062,14
inverted,p013,s06,0.6911,14
inverted,p013,s08,0.6269,14
inverted,p014,s01,0.3773,12
inverted,p014,s03,0.4259,12
inverted,p014,s05,0.3264,12
inverted,p014,s02,0.3537,12
inverted,p014,s07,0.4398,12
inverted,p014,s04,0.4954,12
inverted,p014,s06,0.2847,12
inverted,p014,s08,0.4815,12
inverted,p014,s09,0.3365,12
inverted,p015,s00,0.4815,14
inverted,p015,s01,0.2728,14
inverted,p015,s02,0.4046,14
inverted,p015,s03,0.5536,14
inverted,p015,s04,0.5060,14
inverted,p015,s07,0.4398,14
inverted,p015,s06,0.4500,14
inverted,p015,s05,0.3238,14
inverted,p015,s08,0.4548,14
inverted,p015,s09,0.3952,14
inverted,p016,s01,0.4409,16
inverted,p016,s00,0.5691,16
inverted,p016,s05,0.3903,16
inverted,p016,s02,0.4778,16
inverted,p016,s04,0.5493,16
inverted,p016,s03,0.5200,16
inverted,p016,s06,0.5358,16
inverted,p016,s07,0.4193,16
inverted,p017,s01,0.7743,8
inverted,p016,s09,0.4594,16
inverted,p017,s00,0.8735,8
inverted,p016,s08,0.5866,16
inverted,p017,s02,0.7115,8
inverted,p017,s03,0.8928,8
inverted,p017,s06,0.7776,8
inverted,p017,s04,0.7703,8
inverted,p017,s07,0.8167,8
inverted,p017,s05,0.6752,8
inverted,p017,s08,0.9091,8
inverted,p018,s02,0.5541,17
inverted,p017,s09,0.6495,8
inverted,p018,s03,0.6839,17
inverted,p018,s01,0.6750,17
inverted,p018,s00,0.5594,17
inverted,p018,s04,0.6149,17
inverted,p018,s05,0.5031,17
inverted,p018,s07,0.6340,17
inverted,p018,s06,0.5968,17
inverted,p019,s00,0.4167,9
inverted,p018,s09,0.6126,17
inverted,p018,s08,0.7795,17
inverted,p019,s03,0.5952,9
inverted,p019,s02,0.4630,9
inverted,p019,s01,0.1042,9
inverted,p019,s04,0.6230,9
inverted,p019,s05,0.4339,9
inverted,p020,s00,0.8333,2
inverted,p019,s06,0.5000,9
inverted,p020,s01,0.0000,2
inverted,p019,s08,0.5952,9
inverted,p019,s07,0.4643,9
inverted,p019,s09,0.3333,9
inverted,p020,s05,0.8333,2
inverted,p020,s02,0.6667,2
inverted,p020,s04,0.5000,2
inverted,p020,s03,0.8333,2
inverted,p020,s06,0.5000,2
inverted,p020,s07,0.6667,2
inverted,p020,s09,0.7333,2
inverted,p020,s08,0.5000,2
inverted,p021,s01,0.2318,16
inverted,p021,s02,0.2955,16
inverted,p021,s00,0.2437,16
inverted,p021,s05,0.1767,16
inverted,p021,s03,0.3074,16
inverted,p021,s04,0.3129,16
inverted,p021,s06,0.3167,16
inverted,p021,s09,0.2655,16
inverted,p021,s07,0.2377,16
inverted,p022,s00,0.5879,9
inverted,p022,s01,0.4433,9
inverted,p021,s08,0.3245,16
inverted,p022,s02,0.4028,9
inverted,p022,s03,0.5962,9
inverted,p022,s04,0.6832,9
inverted,p022,s06,0.6220,9
inverted,p022,s07,0.7017,9
inverted,p022,s05,0.3079,9
inverted,p023,s01,0.4841,4
inverted,p023,s00,0.8786,4
inverted,p022,s08,0.6064,9
inverted,p023,s02,0.6448,4
inverted,p022,s09,0.6962,9
inverted,p023,s03,0.9087,4
inverted,p023,s05,0.6032,4
inverted,p023,s06,0.6508,4
inverted,p023,s07,0.9188,4
inverted,p023,s04,0.7282,4
inverted,p023,s08,0.8730,4
inverted,p023,s09,0.7893,4
inverted,p024,s01,0.4101,19
inverted,p024,s00,0.4357,19
inverted,p024,s02,0.3845,19
inverted,p024,s04,0.4336,19
inverted,p024,s03,0.4449,19
inverted,p024,s05,0.2189,19
inverted,p024,s06,0.4232,19
inverted,p025,s00,0.4929,5
inverted,p024,s08,0.6227,19
inverted,p024,s07,0.5249,19
inverted,p025,s01,0.5982,5
inverted,p024,s09,0.3614,19
inverted,p025,s02,0.4357,5
inverted,p025,s03,0.4607,5
inverted,p025,s05,0.1964,5
inverted,p025,s06,0.3982,5
inverted,p025,s07,0.6607,5
inverted,p025,s04,0.3714,5
inverted,p025,s08,0.8161,5
inverted,p026,s00,0.0000,2
inverted,p026,s02,0.1765,2
inverted,p026,s01,0.1765,2
inverted,p025,s09,0.4250,5
inverted,p026,s03,0.3235,2
inverted,p026,s04,0.2647,2
inverted,p026,s05,0.0000,2
inverted,p026,s06,0.0882,2
inverted,p026,s07,0.2647,2
inverted,p026,s08,0.3824,2
inverted,p027,s01,0.4537,6
inverted,p027,s00,0.5265,6
inverted,p026,s09,0.0882,2
inverted,p027,s02,0.5185,6
inverted,p027,s03,0.5450,6
inverted,p027,s04,0.5741,6
inverted,p027,s06,0.5301,6
inverted,p027,s05,0.5370,6
inverted,p027,s07,0.5486,6
inverted,p027,s08,0.6037,6
inverted,p027,s09,0.5856,6
inverted,p028,s00,0.7157,6
inverted,p028,s02,0.6641,6
inverted,p028,s01,0.7169,6
inverted,p028,s03,0.7885,6
inverted,p028,s04,0.7157,6
inverted,p028,s05,0.7157,6
inverted,p028,s06,0.6919,6
inverted,p028,s07,0.7864,6
inverted,p028,s08,0.7953,6
inverted,p028,s09,0.5535,6
inverted,p029,s00,0.6052,15
inverted,p029,s01,0.3951,15
inverted,p029,s03,0.4390,15
inverted,p029,s02,0.4061,15
inverted,p029,s05,0.3764,15
inverted,p029,s04,0.6318,15
inverted,p029,s06,0.4275,15
inverted,p030,s00,0.4315,5
inverted,p030,s01,0.0000,5
inverted,p029,s07,0.3153,15
inverted,p030,s02,0.2292,5
inverted,p029,s09,0.5311,15
inverted,p029,s08,0.5713,15
inverted,p030,s03,0.1714,5
inverted,p030,s04,0.6169,5
inverted,p030,s05,0.1545,5
inverted,p030,s07,0.1714,5
inverted,p030,s06,0.1659,5
inverted,p030,s09,0.4078,5
inverted,p030,s08,0.3471,5
inverted,p031,s03,0.4790,9
inverted,p031,s00,0.5254,9
inverted,p031,s01,0.3884,9
inverted,p031,s02,0.3594,9
inverted,p031,s04,0.4506,9
inverted,p031,s05,0.4198,9
inverted,p032,s00,0.5042,4
inverted,p031,s09,0.4090,9
inverted,p031,s07,0.5309,9
inverted,p032,s01,0.3250,4
inverted,p031,s06,0.5679,9
inverted,p031,s08,0.5627,9
inverted,p032,s05,0.6062,4
inverted,p032,s02,0.3063,4
inverted,p032,s03,0.4917,4
inverted,p032,s06,0.2750,4
inverted,p032,s04,0.4729,4
inverted,p032,s07,0.4729,4
inverted,p032,s08,0.4729,4
inverted,p032,s09,0.6062,4
inverted,p033,s01,0.5591,7
inverted,p033,s02,0.4690,7
inverted,p033,s00,0.6290,7
inverted,p033,s04,0.5175,7
inverted,p033,s03,0.6167,7
inverted,p033,s05,0.5483,7
inverted,p033,s06,0.5909,7
inverted,p033,s08,0.6623,7
inverted,p033,s07,0.6385,7
inverted,p033,s09,0.6037,7
inverted,p034,s00,0.6000,6
inverted,p034,s01,0.4667,6
inverted,p034,s02,0.5000,6
inverted,p034,s03,0.6361,6
inverted,p034,s04,0.5500,6
inverted,p034,s05,0.4000,6
inverted,p034,s06,0.5019,6
inverted,p035,s00,0.8846,2
inverted,p034,s07,0.6167,6
inverted,p034,s08,0.6500,6
inverted,p034,s09,0.5611,6
inverted,p035,s02,0.8654,2
inverted,p035,s03,0.8269,2
inverted,p035,s01,0.7019,2
inverted,p035,s07,0.8846,2
inverted,p035,s05,0.7692,2
inverted,p035,s04,0.8654,2
inverted,p035,s06,0.9038,2
inverted,p035,s09,0.6401,2
inverted,p035,s08,0.9423,2
inverted,p036,s00,0.2777,12
inverted,p036,s03,0.1155,12
inverted,p036,s01,0.1599,12
inverted,p036,s02,0.0694,12
inverted,p036,s05,0.0970,12
inverted,p036,s04,0.1266,12
inverted,p036,s06,0.2096,12
inverted,p036,s07,0.1735,12
inverted,p037,s00,0.9583,3
inverted,p036,s09,0.0833,12
inverted,p036,s08,0.2983,12
inverted,p037,s01,0.3409,3
inverted,p037,s02,0.8917,3
inverted,p037,s04,0.9697,3
inverted,p037,s06,0.6970,3
inverted,p037,s05,0.5530,3
inverted,p037,s03,0.9583,3
inverted,p037,s07,0.9630,3
inverted,p037,s08,1.0000,3
inverted,p038,s00,0.2625,12
inverted,p038,s02,0.2333,12
inverted,p037,s09,0.7280,3
inverted,p038,s01,0.1496,12
inverted,p038,s03,0.2595,12
inverted,p038,s05,0.1574,12
inverted,p038,s04,0.2593,12
inverted,p038,s07,0.2500,12
inverted,p038,s06,0.2866,12
inverted,p038,s08,0.2593,12
inverted,p039,s00,0.3730,9
inverted,p038,s09,0.1481,12
inverted,p039,s01,0.3360,9
inverted,p039,s02,0.3889,9
inverted,p039,s03,0.3889,9
inverted,p039,s04,0.3889,9
inverted,p039,s05,0.3750,9
inverted,p039,s06,0.3889,9
inverted,p039,s07,0.3810,9
inverted,p039,s08,0.5913,9
inverted,p039,s09,0.3029,9
inverted,p040,s00,0.7576,3
inverted,p040,s01,0.2000,3
inverted,p040,s02,0.8857,3
inverted,p040,s05,0.6611,3
inverted,p040,s04,0.7667,3
inverted,p040,s03,0.8917,3
inverted,p040,s06,0.8381,3
inverted,p040,s08,0.8259,3
inverted,p040,s07,0.7000,3
inverted,p040,s09,0.7667,3
inverted,p041,s00,1.0000,3
inverted,p041,s01,0.8155,3
inverted,p041,s02,0.8631,3
inverted,p041,s03,1.0000,3
inverted,p041,s04,0.9583,3
inverted,p041,s08,0.9583,3
inverted,p041,s07,0.9167,3
inverted,p041,s05,0.6250,3
inverted,p041,s06,0.9259,3
inverted,p041,s09,0.9048,3
inverted,p042,s03,0.7817,6
inverted,p042,s00,0.4375,6
inverted,p042,s02,0.2440,6
inverted,p042,s01,0.2411,6
inverted,p042,s04,0.4554,6
inverted,p042,s05,0.3512,6
inverted,p042,s07,0.7788,6
inverted,p042,s06,0.4147,6
inverted,p043,s00,0.5417,4
inverted,p042,s08,0.6835,6
inverted,p042,s09,0.5843,6
inverted,p043,s01,0.3750,4
inverted,p043,s02,0.5833,4
inverted,p043,s03,0.5833,4
inverted,p043,s04,0.5208,4
inverted,p043,s05,0.5167,4
inverted,p043,s06,0.5189,4
inverted,p043,s07,0.6250,4
inverted,p043,s08,0.7500,4
inverted,p043,s09,0.5417,4
inverted,p044,s00,0.5306,7
inverted,p044,s03,0.4821,7
inverted,p044,s02,0.1429,7
inverted,p044,s01,0.3333,7
inverted,p044,s04,0.5238,7
inverted,p044,s05,0.4048,7
inverted,p044,s07,0.5476,7
inverted,p044,s06,0.5272,7
inverted,p045,s00,0.7522,8
inverted,p045,s01,0.5528,8
inverted,p044,s08,0.5680,7
inverted,p044,s09,0.2619,7
inverted,p045,s03,0.4271,8
inverted,p045,s02,0.5185,8
inverted,p045,s04,0.5000,8
inverted,p045,s05,0.5426,8
inverted,p045,s06,0.3438,8
inverted,p045,s07,0.5081,8
inverted,p045,s09,0.6312,8
inverted,p045,s08,0.5888,8
inverted,p046,s00,0.3572,12
inverted,p046,s01,0.3391,12
inverted,p046,s02,0.3965,12
inverted,p046,s04,0.3864,12
inverted,p046,s05,0.3111,12
inverted,p046,s03,0.3383,12
inverted,p046,s07,0.3402,12
inverted,p046,s06,0.5389,12
inverted,p047,s00,0.7188,4
inverted,p047,s01,0.6562,4
inverted,p046,s08,0.6948,12
inverted,p046,s09,0.3895,12
inverted,p047,s04,0.7500,4
inverted,p047,s02,0.7188,4
inverted,p047,s03,0.6687,4
inverted,p047,s05,0.7273,4
inverted,p047,s07,0.7500,4
inverted,p047,s08,0.6687,4
inverted,p047,s06,0.6875,4
inverted,p047,s09,0.6733,4
inverted,p048,s00,0.4286,7
inverted,p048,s02,0.3770,7
inverted,p048,s01,0.4143,7
inverted,p048,s04,0.4464,7
inverted,p048,s03,0.4603,7
inverted,p048,s05,0.3795,7
inverted,p048,s06,0.2857,7
inverted,p048,s07,0.2857,7
inverted,p048,s08,0.3821,7
inverted,p049,s00,0.3926,12
inverted,p049,s01,0.5197,12
inverted,p048,s09,0.3929,7
inverted,p049,s02,0.3098,12
inverted,p049,s03,0.2093,12
inverted,p049,s06,0.4030,12
inverted,p049,s04,0.3991,12
inverted,p049,s05,0.2072,12
inverted,p049,s07,0.4725,12
inverted,p049,s09,0.3998,12
inverted,p050,s00,0.6829,5
inverted,p049,s08,0.4829,12
inverted,p050,s01,0.6615,5
inverted,p050,s02,0.5794,5
inverted,p050,s04,0.7718,5
inverted,p050,s03,0.6829,5
inverted,p050,s05,0.6615,5
inverted,p050,s06,0.7468,5
inverted,p050,s07,0.6865,5
inverted,p050,s09,0.5774,5
inverted,p050,s08,0.7595,5
inverted,p051,s00,0.5188,8
inverted,p051,s01,0.4071,8
inverted,p051,s02,0.4429,8
inverted,p051,s04,0.5188,8
inverted,p051,s03,0.5366,8
inverted,p051,s05,0.3893,8
inverted,p051,s06,0.5366,8
inverted,p052,s00,0.6667,3
inverted,p051,s07,0.5366,8
inverted,p051,s08,0.5366,8
inverted,p052,s01,0.6667,3
inverted,p051,s09,0.4875,8
inverted,p052,s02,0.6667,3
inverted,p052,s03,0.6667,3
inverted,p052,s05,0.6667,3
inverted,p052,s06,0.6667,3
inverted,p052,s04,0.6667,3
inverted,p052,s07,0.6667,3
inverted,p052,s08,0.6667,3
inverted,p052,s09,0.6667,3
inverted,p053,s02,0.6750,5
inverted,p053,s00,0.7250,5
inverted,p053,s01,0.6000,5
inverted,p053,s03,0.8000,5
inverted,p053,s05,0.6750,5
inverted,p053,s04,0.7250,5
inverted,p053,s06,0.7500,5
inverted,p053,s08,0.8000,5
inverted,p053,s07,0.7250,5
inverted,p053,s09,0.7000,5
inverted,p054,s00,0.4177,6
inverted,p054,s01,0.2963,6
inverted,p054,s03,0.4147,6
inverted,p054,s02,0.4653,6
inverted,p054,s04,0.4028,6
inverted,p054,s05,0.4709,6
inverted,p054,s06,0.5069,6
inverted,p054,s08,0.5000,6
inverted,p054,s07,0.4444,6
inverted,p054,s09,0.5159,6
inverted,p055,s02,0.4270,10
inverted,p055,s00,0.6748,10
inverted,p055,s01,0.6018,10
inverted,p055,s03,0.6472,10
inverted,p055,s05,0.4394,10
inverted,p055,s04,0.6216,10
inverted,p055,s06,0.5890,10
inverted,p055,s07,0.6141,10
inverted,p056,s00,0.5181,5
inverted,p055,s08,0.7464,10
inverted,p056,s01,0.2000,5
inverted,p055,s09,0.6287,10
inverted,p056,s03,0.5590,5
inverted,p056,s02,0.5162,5
inverted,p056,s05,0.4610,5
inverted,p056,s04,0.5867,5
inverted,p056,s07,0.5048,5
inverted,p056,s06,0.5590,5
inverted,p056,s08,0.5457,5
inverted,p056,s09,0.5590,5
inverted,p057,s01,0.5360,10
inverted,p057,s04,0.5336,10
inverted,p057,s02,0.3481,10
inverted,p057,s00,0.5829,10
inverted,p057,s03,0.6209,10
inverted,p057,s05,0.5290,10
inverted,p057,s06,0.5072,10
inverted,p057,s08,0.5364,10
inverted,p057,s09,0.6431,10
inverted,p058,s00,0.8156,5
inverted,p058,s01,0.5400,5
inverted,p057,s07,0.5226,10
inverted,p058,s02,0.7333,5
inverted,p058,s03,0.8333,5
inverted,p058,s04,0.9267,5
inverted,p058,s05,0.7333,5
inverted,p058,s06,0.8667,5
inverted,p058,s07,0.7378,5
inverted,p058,s08,0.8600,5
inverted,p058,s09,0.9667,5
inverted,p059,s00,0.3976,12
inverted,p059,s02,0.3635,12
inverted,p059,s03,0.4903,12
inverted,p059,s01,0.2390,12
inverted,p059,s05,0.2807,12
inverted,p059,s04,0.4311,12
inverted,p059,s07,0.4444,12
inverted,p059,s06,0.3160,12
inverted,p059,s09,0.3486,12
inverted,p059,s08,0.4219,12
