pair_id,inside_direction,outside_direction,direction_success,locality_contrast,protected_boundary_residual,inverted_boundary_residual,protected_ocr,inverted_ocr,uniform_050_ocr
p000__s00,0.0026569664478302,-0.002397984266281128,0,-0.0009194078730352753,0.017705440521240234,0.007643088698387146,0.7136,0.7758,0.7887
p000__s01,0.036033302545547485,0.0037657618522644043,1,0.030018151278026355,0.01826341822743416,0.015598918311297894,0.4271,0.4412,0.4461
p000__s02,0.02590581774711609,0.003907233476638794,1,0.025336920284194736,0.0229379590600729,0.009925245307385921,0.3726,0.5292,0.5189
p000__s03,0.0003643929958343506,0.0075664222240448,1,0.008477132075668989,0.018763449043035507,0.014254987239837646,0.7593,0.765,0.7778
p000__s04,0.006903022527694702,0.006299704313278198,1,0.012550335441892775,0.019920339807868004,0.012940400280058384,0.4996,0.4407,0.5145
p000__s05,0.0022092461585998535,-0.003002554178237915,0,-0.0020999625704090767,0.019999558106064796,0.010531063191592693,0.4972,0.3228,0.3498
p000__s06,-0.004660159349441528,0.0057923197746276855,0,0.001829340034957291,0.02615945041179657,0.017371922731399536,0.4868,0.5878,0.5488
p000__s07,0.03366968035697937,0.005935341119766235,1,0.027187930702697077,0.01739528775215149,0.006597534287720919,0.3274,0.485,0.4401
p000__s08,-0.0042247474193573,-0.0019052773714065552,0,-0.006141768919687143,0.01347772590816021,0.007565412670373917,0.6193,0.7815,0.7125
p000__s09,-0.01505550742149353,0.005883246660232544,0,-0.01051542446558442,0.018818620592355728,0.011332920752465725,0.4968,0.5591,0.7305
p001__s00,-0.012007497251033783,-0.0006856247782707214,0,-0.025813040752251243,0.015079229138791561,0.008702387101948261,0.9583,0.9028,0.9306
p001__s01,-0.013039767742156982,-0.00011466443538665771,0,-0.018417628929905876,0.021514447405934334,0.01549282856285572,0.5,0.7986,0.3819
p001__s02,-0.00014938414096832275,0.0001483634114265442,0,7.984081707537716e-05,0.019367657601833344,0.009578807279467583,0.9583,0.9028,0.8806
p001__s03,-0.000655636191368103,0.0024676769971847534,0,0.0024916031310734544,0.01816692017018795,0.012966969050467014,0.9583,0.9722,0.9722
p001__s04,0.006557762622833252,0.0016182363033294678,1,0.011894131954426623,0.02017616108059883,0.016140509396791458,0.9583,0.8681,0.9583
p001__s05,0.003600507974624634,0.0007670372724533081,1,0.007625284621697065,0.017737677320837975,0.012056209146976471,0.9583,0.7986,0.9583
p001__s06,-0.005541905760765076,0.0017665177583694458,0,-0.005303039022413606,0.027207741513848305,0.019621005281805992,0.7625,0.6042,0.875
p001__s07,0.009517878293991089,0.00020226836204528809,1,0.013889444008361156,0.014830458909273148,0.00581348268315196,0.8181,0.7083,0.8583
p001__s08,-0.006305783987045288,0.00041209906339645386,0,-0.009230428183508192,0.012980705127120018,0.008963367901742458,0.9306,0.9167,0.9083
p001__s09,0.017833873629570007,0.0031470060348510742,1,0.022725695771737893,0.02235233038663864,0.017672622576355934,0.8958,0.8333,0.8125
p002__s00,0.01098082959651947,-0.0010416805744171143,0,0.01010991400187819,0.01601775735616684,0.009423373267054558,0.8452,0.8552,0.888
p002__s01,0.0636124461889267,-0.0004053860902786255,0,0.05868305282404363,0.026969438418745995,0.02020157314836979,0.1389,0.1389,0.3933
p002__s02,0.04834628105163574,0.0009596645832061768,1,0.03923344626143176,0.031118115410208702,0.01310703530907631,0.7049,0.3433,0.3433
p002__s03,-0.012279108166694641,-0.000394970178604126,0,-0.02113894968799754,0.01935223489999771,0.013910818845033646,0.8889,0.881,0.8138
p002__s04,-0.014397159218788147,-0.0011911988258361816,0,-0.023320480917419954,0.01592886634171009,0.01437700167298317,0.8889,0.8214,0.8752
p002__s05,0.014207422733306885,0.0002878159284591675,1,0.014129044202564882,0.019206082448363304,0.013167031109333038,0.8016,0.3452,0.7901
p002__s06,-0.008444473147392273,0.0017093643546104431,0,-0.012361524576746209,0.025290288031101227,0.01833214797079563,0.7524,0.7623,0.8665
p002__s07,0.04510653018951416,0.0009490251541137695,1,0.02995210635761555,0.02701525203883648,0.006563018541783094,0.7683,0.7024,0.6683
p002__s08,-0.004482105374336243,-0.0009583979845046997,0,-0.006049079041496254,0.0158449225127697,0.011251278221607208,0.8139,0.8483,0.6262
p002__s09,0.011090502142906189,0.003367096185684204,1,0.022243615869028694,0.022277923300862312,0.014948214404284954,0.8457,0.7413,0.8294
p003__s00,0.024746477603912354,0.002431899309158325,1,0.02176735918972027,0.018613481894135475,0.009394877590239048,0.4464,0.5249,0.5097
p003__s01,0.07143333554267883,0.005164533853530884,1,0.055479018460106284,0.026258353143930435,0.0245536919683218,0.4004,0.2803,0.2657
p003__s02,0.046496063470840454,0.00711137056350708,1,0.036001498640426954,0.025764459744095802,0.011483565904200077,0.4199,0.3837,0.3988
p003__s03,0.0030113160610198975,-0.0030763447284698486,0,0.000345918986242243,0.017885250970721245,0.013539002276957035,0.5325,0.5038,0.5628
p003__s04,0.006400942802429199,-5.361437797546387e-05,0,0.006228763969312872,0.020533716306090355,0.012461560778319836,0.5628,0.5097,0.5097
p003__s05,0.02928704023361206,0.002376854419708252,1,0.024317640704557282,0.020366929471492767,0.011739687994122505,0.3858,0.2159,0.4719
p003__s06,-0.0008371174335479736,0.0008505880832672119,0,-7.681483347866762e-05,0.028393009677529335,0.018627867102622986,0.4838,0.4194,0.5628
p003__s07,0.04340922832489014,0.004969775676727295,1,0.02578490871576198,0.023237431421875954,0.0073026446625590324,0.4345,0.2446,0.5027
p003__s08,0.007877439260482788,0.0013340115547180176,1,0.007180876902696463,0.0157895777374506,0.009631609544157982,0.4719,0.5195,0.4118
p003__s09,-0.005232378840446472,-0.0037371665239334106,0,-0.014211350041995995,0.019350886344909668,0.012017804197967052,0.5476,0.487,0.1667
p004__s00,0.023783892393112183,0.004015505313873291,1,0.021706272126782326,0.028869932517409325,0.012138250283896923,0.3342,0.3847,0.3565
p004__s01,0.05997493863105774,0.006726443767547607,1,0.048846030771867416,0.02879951521754265,0.026690255850553513,0.2074,0.175,0.1667
p004__s02,0.03460460901260376,0.008025944232940674,1,0.029978532078397947,0.031224677339196205,0.013670766726136208,0.3493,0.2785,0.1982
p004__s03,0.005017206072807312,-0.0006062686443328857,0,0.005110390365072405,0.030533339828252792,0.020009951665997505,0.4443,0.3996,0.4021
p004__s04,0.012626856565475464,0.00018745660781860352,1,0.011815591717032566,0.02766764536499977,0.01609266921877861,0.3713,0.4399,0.4542
p004__s05,0.030518293380737305,0.0038160085678100586,1,0.026604303423132823,0.031149880960583687,0.013571184128522873,0.385,0.2841,0.3812
p004__s06,0.010488584637641907,0.0033839046955108643,1,0.014349373202005276,0.03868423029780388,0.02320132963359356,0.502,0.3222,0.3612
p004__s07,0.04368796944618225,0.006294608116149902,1,0.028030594924717926,0.02731751650571823,0.00862444844096899,0.3815,0.4199,0.3839
p004__s08,0.01185840368270874,0.004378616809844971,1,0.012248423436692005,0.019555093720555305,0.011946460232138634,0.37,0.3895,0.3856
p004__s09,0.007574751973152161,-0.006491675972938538,0,0.0003275638482550889,0.027490606531500816,0.015152161940932274,0.3931,0.2995,0.2961
p005__s00,0.02635207772254944,0.002835690975189209,1,0.02550046115664206,0.015255095437169075,0.006946655921638012,0.8148,0.8889,0.8593
p005__s01,0.05461534857749939,0.005659520626068115,1,0.0539479931832362,0.017490990459918976,0.01960064098238945,0.8222,0.8176,0.8222
p005__s02,0.042557358741760254,0.0065708160400390625,1,0.03737873627944867,0.023808946833014488,0.011017216369509697,0.8519,0.5556,0.8259
p005__s03,-0.002071186900138855,-0.0021755099296569824,0,-0.0049438267901652545,0.01904321275651455,0.013823808170855045,0.8148,0.8009,0.8426
p005__s04,0.0023598819971084595,-0.0004602372646331787,0,0.0023536357026116223,0.02548893354833126,0.015113431960344315,0.8148,0.6972,0.8472
p005__s05,0.028613537549972534,0.002553015947341919,1,0.02691121015912112,0.01649480313062668,0.009112920612096786,0.8148,0.9259,0.8519
p005__s06,0.004295095801353455,0.001039952039718628,1,0.0070233766125625905,0.027563704177737236,0.01923428848385811,0.7481,0.5722,0.7852
p005__s07,0.041684091091156006,0.005605578422546387,1,0.028425384271875832,0.018269313499331474,0.006071531679481268,0.8222,0.8889,0.7852
p005__s08,0.015578538179397583,0.0028336644172668457,1,0.015793718935413842,0.013155931606888771,0.007628937251865864,0.7593,0.8009,0.963
p005__s09,0.004994511604309082,-0.0001531839370727539,0,0.00804455255633716,0.018857194110751152,0.010617502965033054,0.8519,0.8889,0.8889
p006__s00,0.006827026605606079,-0.0009183883666992188,0,0.0046675413952340355,0.01515717338770628,0.007199064362794161,0.5714,0.5714,0.5714
p006__s01,0.03796568512916565,0.000955432653427124,1,0.027301871017877007,0.022603141143918037,0.019035078585147858,0.4786,0.5143,0.4786
p006__s02,0.02804464101791382,0.001522451639175415,1,0.021545515182253533,0.027382927015423775,0.011263012886047363,0.3643,0.3714,0.3714
p006__s03,-0.005183413624763489,0.0005666613578796387,0,-0.004544322370286561,0.018580997362732887,0.01454236637800932,0.6,0.4429,0.5857
p006__s04,-0.0062715113162994385,0.0009580105543136597,0,-0.004730773947995852,0.01443877536803484,0.01255092304199934,0.5286,0.5643,0.5286
p006__s05,0.017219483852386475,-0.0004049837589263916,0,0.012955595034625034,0.020530398935079575,0.011530116200447083,0.4929,0.4929,0.4452
p006__s06,-0.01979812979698181,0.0017760097980499268,0,-0.01943523492442164,0.02571084536612034,0.019324246793985367,0.4571,0.3714,0.4571
p006__s07,0.04443058371543884,0.0018574297428131104,1,0.02725036888122366,0.03685563802719116,0.007062958087772131,0.3714,0.3714,0.3714
p006__s08,-0.0003369748592376709,-0.000891953706741333,0,-0.0013414464877904051,0.018447676673531532,0.00861867144703865,0.5286,0.4929,0.5286
p006__s09,-0.014912053942680359,0.0005064904689788818,0,-0.01712951289394026,0.01715744286775589,0.013035660609602928,0.5643,0.4214,0.5786
p007__s00,0.0034297704696655273,0.0031395554542541504,1,0.011584448080181114,0.015765564516186714,0.008420134894549847,0.6387,0.6273,0.6645
p007__s01,-0.008026301860809326,0.003272607922554016,0,-0.00503373033971718,0.01927870884537697,0.01640024036169052,0.6577,0.747,0.7286
p007__s02,0.010885760188102722,0.0013612806797027588,1,0.017883060849079365,0.01963193342089653,0.009639814496040344,0.656,0.5206,0.6232
p007__s03,0.006087690591812134,0.013646036386489868,1,0.022047677410415738,0.018213216215372086,0.01430865190923214,0.6867,0.7583,0.7685
p007__s04,0.012513011693954468,0.010316804051399231,1,0.02669092958870178,0.01774710975587368,0.01510778907686472,0.7394,0.7224,0.7619
p007__s05,0.012312740087509155,0.004354760050773621,1,0.023323471153360895,0.01853533647954464,0.011841729283332825,0.5692,0.594,0.627
p007__s06,-0.0012859702110290527,0.008959591388702393,0,0.006728205177689027,0.027194544672966003,0.01912260800600052,0.604,0.5934,0.6282
p007__s07,0.014141827821731567,0.0011347383260726929,1,0.017281581011712177,0.019129125401377678,0.00581021886318922,0.5995,0.5102,0.5196
p007__s08,-0.0018870383501052856,0.0038707107305526733,0,0.0037559649393348635,0.014216961339116096,0.011111961677670479,0.6463,0.7599,0.7756
p007__s09,0.021894380450248718,0.013982325792312622,1,0.033216423448872705,0.020179031416773796,0.012689261697232723,0.623,0.6952,0.6129
p008__s00,0.00974757969379425,0.0004364028573036194,1,0.030900989540938326,0.016162851825356483,0.0073562380857765675,0.9375,0.9097,0.9375
p008__s01,0.04272644966840744,0.0005264505743980408,1,0.09507489374449277,0.019060887396335602,0.014786722138524055,0.6597,0.5819,0.5819
p008__s02,0.03321211785078049,0.0020188838243484497,1,0.0801432869840892,0.021357784047722816,0.009264418855309486,0.9097,0.8681,0.8681
p008__s03,0.004766508936882019,0.008573457598686218,1,0.027178142155716623,0.01840141788125038,0.013022876344621181,0.8472,0.6875,0.8472
p008__s04,0.010562725365161896,0.006363183259963989,1,0.037016277801675594,0.016230078414082527,0.010542511940002441,0.9375,0.8542,0.9722
p008__s05,0.01771366596221924,0.004252001643180847,1,0.048182044888260056,0.019332071766257286,0.00953115988522768,0.7847,0.6319,0.6597
p008__s06,0.009253092110157013,0.0069446563720703125,1,0.03075607220463817,0.02556014060974121,0.018175525590777397,0.7847,0.7431,0.7847
p008__s07,0.037992075085639954,0.0027914047241210938,1,0.051167287171753485,0.019264133647084236,0.005096605978906155,0.875,0.7847,0.7569
p008__s08,0.0028642863035202026,0.003061063587665558,1,0.015158147959798652,0.012696796096861362,0.007780357729643583,0.8472,0.7847,0.8472
p008__s09,0.020026355981826782,0.010199680924415588,1,0.04188169950136468,0.018880289047956467,0.010437306016683578,0.9375,0.9167,0.9097
p009__s00,0.018273919820785522,0.0001595020294189453,1,0.012660769256759045,0.020036838948726654,0.009394542314112186,0.6203,0.5305,0.5631
p009__s01,0.05954882502555847,0.0024876296520233154,1,0.040330549139461,0.021661987528204918,0.020747678354382515,0.0667,0.4105,0.3743
p009__s02,0.04069828987121582,0.005586951971054077,1,0.027441663516221054,0.026049507781863213,0.012492971494793892,0.4386,0.3477,0.4344
p009__s03,0.00161665678024292,-0.0022939741611480713,0,-0.0004885902336054342,0.021806275472044945,0.017489131540060043,0.6203,0.5772,0.5841
p009__s04,-0.003042161464691162,-0.0016620457172393799,0,-0.003930904348776176,0.020044416189193726,0.014500055462121964,0.5964,0.5567,0.6003
p009__s05,0.02252301573753357,0.0003934800624847412,1,0.015383131307283842,0.021172715350985527,0.012064228765666485,0.5113,0.4944,0.4644
p009__s06,-0.004474937915802002,-0.001567542552947998,0,-0.005919052030978491,0.03228660300374031,0.020642785355448723,0.5597,0.464,0.4976
p009__s07,0.04383760690689087,0.0052790045738220215,1,0.023656108831459147,0.023023556917905807,0.0067575168795883656,0.5644,0.5177,0.5515
p009__s08,0.010577142238616943,0.0006409585475921631,1,0.00757883254846578,0.016322612762451172,0.010264485143125057,0.5162,0.5592,0.5387
p009__s09,-0.014673128724098206,-0.005142092704772949,0,-0.023720556937148574,0.020146779716014862,0.014265521429479122,0.5841,0.4944,0.5597
p010__s00,0.004906371235847473,-0.0030445754528045654,0,0.001052446803725975,0.015990622341632843,0.008149866946041584,0.3116,0.3952,0.3201
p010__s01,0.030204057693481445,-0.0001764744520187378,0,0.028749916600339754,0.020289015024900436,0.018634017556905746,0.1683,0.1513,0.1678
p010__s02,0.023941442370414734,0.0020168572664260864,1,0.027727616977240042,0.023856498301029205,0.011211886070668697,0.3327,0.2275,0.3492
p010__s03,0.002906128764152527,0.0017604231834411621,1,0.006365540852977905,0.02142331376671791,0.014403629116714,0.4571,0.2721,0.3645
p010__s04,0.008515745401382446,0.002013862133026123,1,0.013650371689006758,0.018911369144916534,0.01211048848927021,0.3699,0.3978,0.3926
p010__s05,0.009688124060630798,-0.0011448413133621216,0,0.010077384632973144,0.01870649866759777,0.010799907147884369,0.2229,0.1688,0.2326
p010__s06,0.004607722163200378,0.0017614662647247314,1,0.00962415181081134,0.02952112816274166,0.018214967101812363,0.285,0.2703,0.3401
p010__s07,0.028744906187057495,0.0029269754886627197,1,0.024781605274666475,0.020464863628149033,0.0064761037938296795,0.2795,0.2892,0.241
p010__s08,0.0010850727558135986,-0.0020024627447128296,0,-0.0017829660577882772,0.013932598754763603,0.008220105431973934,0.3371,0.4182,0.3553
p010__s09,0.013312146067619324,0.003989681601524353,1,0.02442962942763517,0.01981329172849655,0.011418850161135197,0.3384,0.2702,0.3643
p011__s00,0.0009727329015731812,-0.0021887123584747314,0,-0.002905159806302393,0.012158568017184734,0.0068238405510783195,0.8,1.0,1.0
p011__s01,0.04255233705043793,0.002247065305709839,1,0.05113473062181321,0.02519761025905609,0.015784215182065964,0.675,0.375,0.775
p011__s02,0.028791874647140503,0.003026038408279419,1,0.038390066194534556,0.020280951634049416,0.0095163993537426,0.8,0.9,0.9
p011__s03,0.00012515485286712646,0.002868548035621643,1,0.005813874539643924,0.016774611547589302,0.012864156626164913,0.8,0.9,0.9
p011__s04,0.0034362375736236572,0.004235491156578064,1,0.011944697400073053,0.016326405107975006,0.011046640574932098,0.9,0.9,0.9
p011__s05,0.004244163632392883,-0.0015945881605148315,0,0.0025066062409511295,0.014814197085797787,0.010432815179228783,0.8,0.5,0.5
p011__s06,0.0028236880898475647,0.004160493612289429,1,0.012940205138899277,0.021632850170135498,0.015618839301168919,0.9,0.9,0.9
p011__s07,0.03193175792694092,0.00545482337474823,1,0.030558399963850208,0.014221367426216602,0.0053222524002194405,0.875,0.5,1.0
p011__s08,-0.012838125228881836,-0.0018834024667739868,0,-0.02382300265914055,0.010017834603786469,0.006838785018771887,0.8,0.8,0.8
p011__s09,-0.0018965154886245728,0.007702365517616272,0,0.00987674206203709,0.018993400037288666,0.010591643862426281,0.8,0.8,1.0
p012__s00,0.0193759948015213,0.0010487735271453857,1,0.02021789772654877,0.018515899777412415,0.009157324209809303,0.3693,0.367,0.433
p012__s01,0.06382477283477783,0.007548540830612183,1,0.061628073535897304,0.027774633839726448,0.024829525500535965,0.1568,0.2568,0.1577
p012__s02,0.03946945071220398,0.009448468685150146,1,0.03919902578394528,0.02831250987946987,0.012532762251794338,0.2429,0.2434,0.2309
p012__s03,0.007309764623641968,-0.0014847666025161743,0,0.008076776433315032,0.021356919780373573,0.015894915908575058,0.2412,0.3205,0.3193
p012__s04,0.0005067586898803711,-0.0002027451992034912,0,0.0003821224650524182,0.021478692069649696,0.013940498232841492,0.3662,0.3548,0.3818
p012__s05,0.02273242175579071,0.0012800395488739014,1,0.02309069771172827,0.02145070768892765,0.011275099590420723,0.2013,0.3693,0.242
p012__s06,0.011166676878929138,0.0043604373931884766,1,0.02165482665300452,0.030007733032107353,0.019259190186858177,0.2318,0.2287,0.2287
p012__s07,0.03682193160057068,0.010631173849105835,1,0.029162293827321873,0.026022959500551224,0.007485601585358381,0.2434,0.3099,0.2611
p012__s08,0.00596010684967041,0.0004031062126159668,1,0.006080438387579442,0.014408252201974392,0.009059607051312923,0.3077,0.255,0.2662
p012__s09,-0.0012231990694999695,-0.002142578363418579,0,-0.008221002241139905,0.021044980734586716,0.012204785831272602,0.2412,0.3662,0.3662
p013__s00,0.017545431852340698,0.003418564796447754,1,0.014809012275863979,0.017139000818133354,0.010199046693742275,0.496,0.3988,0.625
p013__s01,0.05056202411651611,0.006908029317855835,1,0.038075668180120634,0.019501488655805588,0.01896868459880352,0.5833,0.5585,0.6339
p013__s02,0.03261709213256836,0.008766084909439087,1,0.025359020119397148,0.021697169169783592,0.01279654074460268,0.4047,0.3661,0.4157
p013__s03,-0.00012636184692382812,-0.00298231840133667,0,-0.0024483556725529696,0.019290529191493988,0.015302370302379131,0.4625,0.5094,0.4774
p013__s04,-0.001055687665939331,-0.0011234581470489502,0,-0.0017955227180063485,0.020095106214284897,0.013549144379794598,0.736,0.6196,0.6937
p013__s05,0.021949350833892822,0.0033960044384002686,1,0.017971707857973265,0.0191428754478693,0.010612262412905693,0.4025,0.4413,0.381
p013__s06,-0.00010879337787628174,0.0008890628814697266,0,0.0006270260354190154,0.027358951047062874,0.019535476341843605,0.6467,0.6911,0.7427
p013__s07,0.03612464666366577,0.007261037826538086,1,0.02216686621815377,0.02124265395104885,0.007237823214381933,0.4566,0.4062,0.4311
p013__s08,0.006660819053649902,0.0033110976219177246,1,0.006904422003910123,0.012796979397535324,0.008946387097239494,0.6531,0.6269,0.6429
p013__s09,-0.005008682608604431,-0.004574373364448547,0,-0.01142262709466663,0.016944855451583862,0.010499619878828526,0.7207,0.6359,0.6633
p014__s00,-0.002919226884841919,-0.0004522949457168579,0,-0.003645750180699569,0.01631808467209339,0.008907800540328026,0.4722,0.4648,0.4537
p014__s01,0.016673922538757324,0.0015492737293243408,1,0.015112115891735368,0.019793935120105743,0.017290910705924034,0.3148,0.3773,0.3565
p014__s02,0.010285243391990662,0.0014419257640838623,1,0.011650571240757288,0.02282588928937912,0.011411885730922222,0.3426,0.3537,0.3681
p014__s03,0.006301820278167725,0.0009368807077407837,1,0.007331187850141313,0.021826889365911484,0.014888042584061623,0.4352,0.4259,0.4352
p014__s04,0.01809188723564148,0.0015098154544830322,1,0.017161068124100228,0.020393365994095802,0.015343287959694862,0.5347,0.4954,0.5162
p014__s05,0.00967375934123993,3.151595592498779e-05,1,0.010300999363700828,0.019881082698702812,0.011352729052305222,0.3565,0.3264,0.3115
p014__s06,0.007703155279159546,0.0017249733209609985,1,0.009303669369014958,0.032296814024448395,0.023683279752731323,0.4676,0.2847,0.4051
p014__s07,0.01745697855949402,0.002111494541168213,1,0.01567178462297015,0.013917181640863419,0.005998244974762201,0.4259,0.4398,0.3704
p014__s08,-0.010149583220481873,-0.0007241815328598022,0,-0.011339420451901396,0.015406831167638302,0.009393155574798584,0.5146,0.4815,0.4537
p014__s09,0.008746430277824402,0.0026620477437973022,1,0.014979684119639562,0.02205776236951351,0.014750362373888493,0.3356,0.3365,0.338
p015__s00,0.014791756868362427,0.00019758939743041992,1,0.013621642489965594,0.022981321439146996,0.00902250874787569,0.4905,0.4815,0.4679
p015__s01,0.04807138442993164,0.007110774517059326,1,0.04519282475658149,0.02444840595126152,0.01946266181766987,0.278,0.2728,0.2753
p015__s02,0.032141655683517456,0.006847262382507324,1,0.032384789354003234,0.028945188969373703,0.012743528932332993,0.4089,0.4046,0.3577
p015__s03,0.006997346878051758,-0.0012021809816360474,0,0.00645031017057258,0.02817298285663128,0.017873616889119148,0.5446,0.5536,0.5536
p015__s04,0.0072505176067352295,-0.0006428360939025879,0,0.007440833446791236,0.02488715760409832,0.014634303748607635,0.4732,0.506,0.4768
p015__s05,0.018013328313827515,0.001672208309173584,1,0.01846762764533348,0.024688351899385452,0.011799990199506283,0.3863,0.3238,0.3238
p015__s06,0.014012262225151062,0.0026818960905075073,1,0.022335123578699486,0.034476861357688904,0.02319267764687538,0.4821,0.45,0.4619
p015__s07,0.03898462653160095,0.008732706308364868,1,0.029499613818385072,0.024665547534823418,0.006964867003262043,0.3274,0.4398,0.4035
p015__s08,0.008009463548660278,0.0024071037769317627,1,0.009805146795577887,0.017695730552077293,0.009329048916697502,0.3893,0.4548,0.4732
p015__s09,0.006739899516105652,-0.00025606900453567505,0,0.011025706513201061,0.02526300959289074,0.014026938937604427,0.425,0.3952,0.3893
p016__s00,0.010491877794265747,-0.0022221505641937256,0,0.0065576534005510854,0.017976567149162292,0.00948395300656557,0.5662,0.5691,0.5538
p016__s01,0.0509696900844574,0.0007554590702056885,1,0.04236568160293181,0.02108302339911461,0.014207502827048302,0.448,0.4409,0.4458
p016__s02,0.02202191948890686,0.0029863715171813965,1,0.01831733275051136,0.02309611812233925,0.011262346059083939,0.4821,0.4778,0.471
p016__s03,-0.005543306469917297,-0.008165180683135986,0,-0.014356036811268152,0.02348741516470909,0.01477806270122528,0.5933,0.52,0.5818
p016__s04,-0.019944339990615845,-0.011656433343887329,0,-0.03654241652571336,0.022617915645241737,0.0150398975238204,0.6196,0.5493,0.6338
p016__s05,0.013875871896743774,0.00035759806632995605,1,0.010671313376662944,0.02165556512773037,0.01319132186472416,0.515,0.3903,0.3187
p016__s06,-0.006952404975891113,-0.0030593425035476685,0,-0.012008639376518075,0.03588951751589775,0.021485034376382828,0.573,0.5358,0.5813
p016__s07,0.026701539754867554,0.005541741847991943,1,0.019125206991295482,0.012867916375398636,0.006179897114634514,0.5002,0.4193,0.5093
p016__s08,-0.0006583631038665771,-0.0004202127456665039,0,-0.0008443509580180527,0.014616946689784527,0.010019266977906227,0.6589,0.5866,0.6487
p016__s09,-0.0007045567035675049,0.006531029939651489,0,0.0052693650437337985,0.025771262124180794,0.014356103725731373,0.4781,0.4594,0.491
p017__s00,0.009602636098861694,0.0001532435417175293,1,0.008796743045368333,0.02221529930830002,0.008968284353613853,0.9151,0.8735,0.802
p017__s01,0.04060682654380798,0.0006631314754486084,1,0.03300794441140917,0.027651818469166756,0.02240179106593132,0.8881,0.7743,0.8724
p017__s02,0.02897992730140686,0.003659486770629883,1,0.02534285551197491,0.029698679223656654,0.013318246230483055,0.7422,0.7115,0.7379
p017__s03,-0.0033099353313446045,-0.0007185935974121094,0,-0.0038191952131961518,0.022410200908780098,0.01736212521791458,0.8692,0.8928,0.8771
p017__s04,0.00810357928276062,0.0008665621280670166,1,0.007832592975997626,0.024679046124219894,0.01590455137193203,0.8904,0.7703,0.8703
p017__s05,0.012943625450134277,0.00017642974853515625,1,0.011706194937263706,0.02271541766822338,0.011600349098443985,0.5998,0.6752,0.7094
p017__s06,-0.0063658952713012695,0.0012591779232025146,0,-0.005661416546469568,0.03401920571923256,0.02294902876019478,0.7642,0.7776,0.737
p017__s07,0.03759223222732544,0.003969699144363403,1,0.026585502345858558,0.023883847519755363,0.008465814404189587,0.8759,0.8167,0.7917
p017__s08,-0.010180890560150146,-0.0011156201362609863,0,-0.010576482898093056,0.015426072292029858,0.008401754312217236,0.9091,0.9091,0.8935
p017__s09,-0.00897960364818573,-0.0025394633412361145,0,-0.017646169201084222,0.02407306246459484,0.014100331813097,0.5459,0.6495,0.6495
p018__s00,0.035343170166015625,0.0069654881954193115,1,0.03457713428984742,0.020960288122296333,0.008593913167715073,0.7391,0.5594,0.7274
p018__s01,0.09688347578048706,0.01172754168510437,1,0.09723121976314854,0.028578557074069977,0.02351638302206993,0.6246,0.675,0.6461
p018__s02,0.05424380302429199,0.010087192058563232,1,0.048494153498829747,0.03382933512330055,0.01323403138667345,0.566,0.5541,0.5149
p018__s03,0.019024580717086792,-0.002341032028198242,0,0.022384104701262116,0.023213928565382957,0.018384501338005066,0.7437,0.6839,0.7598
p018__s04,0.007001101970672607,-0.0007068365812301636,0,0.007921697292732927,0.024261903017759323,0.01586437225341797,0.652,0.6149,0.6486
p018__s05,0.03510293364524841,0.004347354173660278,1,0.03500366389177222,0.019849782809615135,0.011279408819973469,0.613,0.5031,0.5571
p018__s06,0.03365449607372284,0.0035571306943893433,1,0.05325079271094665,0.03891434520483017,0.02798234298825264,0.6347,0.5968,0.6046
p018__s07,0.0567985475063324,0.011322230100631714,1,0.038071806015127614,0.024797912687063217,0.010132336057722569,0.6344,0.634,0.7295
p018__s08,0.01965045928955078,0.005607098340988159,1,0.022256025904299533,0.015607177279889584,0.009673203341662884,0.7206,0.7795,0.7383
p018__s09,0.009671419858932495,0.0014590173959732056,1,0.023555483104319284,0.022834699600934982,0.01229778490960598,0.6223,0.6126,0.6616
p019__s00,-0.008189111948013306,0.0009845569729804993,0,-0.010289548979622731,0.017266428098082542,0.009701138362288475,0.4484,0.4167,0.4167
p019__s01,-0.014310628175735474,0.0022497326135635376,0,-0.013294324984639116,0.0206473246216774,0.013433565385639668,0.2431,0.1042,0.2153
p019__s02,-0.0009329766035079956,0.0007884576916694641,0,0.0002681004878717088,0.02017761580646038,0.009912713430821896,0.4683,0.463,0.4749
p019__s03,0.004908278584480286,0.009711533784866333,1,0.014955041732535198,0.017784196883440018,0.014150612987577915,0.496,0.5952,0.4683
p019__s04,0.010412827134132385,0.007054731249809265,1,0.020014824472576048,0.019791072234511375,0.017156699672341347,0.6204,0.623,0.6389
p019__s05,0.0054626911878585815,0.0030590295791625977,1,0.012821667462264647,0.022341527044773102,0.012994080781936646,0.3439,0.4339,0.287
p019__s06,-0.009282618761062622,0.005563974380493164,0,-0.006358279659192105,0.025764567777514458,0.018368331715464592,0.4167,0.5,0.5952
p019__s07,0.003275066614151001,0.0009562075138092041,1,0.006532926290185275,0.016386615112423897,0.006528250873088837,0.3571,0.4643,0.4074
p019__s08,-0.009527996182441711,0.0026835501194000244,0,-0.00830920861888635,0.015016065910458565,0.011016963049769402,0.4722,0.5952,0.5516
p019__s09,0.01969875395298004,0.008765310049057007,1,0.026626566630349218,0.024777745828032494,0.015183242037892342,0.3333,0.3333,0.3333
p020__s00,0.0028024911880493164,0.0005216524004936218,1,0.010068263502363013,0.013058841228485107,0.00599556602537632,0.8333,0.8333,0.5
p020__s01,0.0013652890920639038,0.0010842233896255493,1,0.004100941582754673,0.01728687435388565,0.013479162007570267,0.4,0.0,0.4
p020__s02,0.013099566102027893,0.00183086097240448,1,0.03803316298285794,0.018138432875275612,0.009187993593513966,0.4,0.6667,0.5
p020__s03,0.008393704891204834,0.0015492886304855347,1,0.017482054367549113,0.02274591103196144,0.013172908686101437,0.8333,0.8333,0.8333
p020__s04,0.025284752249717712,0.001013532280921936,1,0.04852125500042211,0.021527964621782303,0.015702111646533012,0.8333,0.5,0.5
p020__s05,0.010906711220741272,-6.598234176635742e-05,0,0.03132497830962561,0.01827261783182621,0.009006724692881107,0.4,0.8333,0.5
p020__s06,0.009092718362808228,0.0011073946952819824,1,0.018851344688615306,0.02847888134419918,0.018227888271212578,0.6667,0.5,0.5
p020__s07,0.01552136242389679,0.0021356046199798584,1,0.027891690646863938,0.010784314014017582,0.0037777519319206476,0.5,0.6667,0.5
p020__s08,-0.001949302852153778,-0.0006153210997581482,0,-0.007136036785508374,0.010116808116436005,0.00624917121604085,0.6667,0.5,0.5
p020__s09,0.019589446485042572,0.0020254850387573242,1,0.0406693837282221,0.021405978128314018,0.01362511795014143,0.5,0.7333,0.5
p021__s00,0.00358465313911438,-0.0015894174575805664,0,0.0020707911268425766,0.023909201845526695,0.010772056877613068,0.3047,0.2437,0.2437
p021__s01,0.009819090366363525,0.004390895366668701,1,0.012988148804277417,0.0238662026822567,0.01493804156780243,0.2363,0.2318,0.2467
p021__s02,0.01304653286933899,0.00322037935256958,1,0.017983354999493096,0.02946668490767479,0.012855137698352337,0.328,0.2955,0.2678
p021__s03,0.011069223284721375,0.0010910183191299438,1,0.012773548632619966,0.023683937266469002,0.016103120520710945,0.354,0.3074,0.2789
p021__s04,0.0227375328540802,0.0031228363513946533,1,0.023463838603212602,0.026076769456267357,0.01576978713274002,0.2884,0.3129,0.3188
p021__s05,0.007173210382461548,6.480515003204346e-05,1,0.008968984890730548,0.02597135864198208,0.013750002719461918,0.2568,0.1767,0.1878
p021__s06,0.022313594818115234,0.0030110180377960205,1,0.02435786789329824,0.041932281106710434,0.02467348240315914,0.2849,0.3167,0.2959
p021__s07,0.021344035863876343,0.00641690194606781,1,0.027742894564312823,0.017997369170188904,0.0066087315790355206,0.295,0.2377,0.2377
p021__s08,-0.0006894916296005249,-0.0016404390335083008,0,-0.002949134563369293,0.021336223930120468,0.010229146108031273,0.3092,0.3245,0.3156
p021__s09,0.025058284401893616,0.006823495030403137,1,0.0363257881228563,0.028263574466109276,0.017062081024050713,0.2422,0.2655,0.2542
p022__s00,0.015862375497817993,-0.0004849433898925781,0,0.012646922964528356,0.017453866079449654,0.008389987982809544,0.6563,0.5879,0.4853
p022__s01,0.055057257413864136,0.00200653076171875,1,0.04393561327955575,0.022737639024853706,0.021965958178043365,0.379,0.4433,0.4433
p022__s02,0.03399130702018738,0.003358691930770874,1,0.026646267075176654,0.02443280816078186,0.011770973913371563,0.6359,0.4028,0.6448
p022__s03,-0.004740729928016663,-0.0035560280084609985,0,-0.009245115446502025,0.017601992934942245,0.013264990411698818,0.6593,0.5962,0.6339
p022__s04,-0.004474431276321411,-0.0030669420957565308,0,-0.007927400210655374,0.01757284626364708,0.012836122885346413,0.7222,0.6832,0.7122
p022__s05,0.022284865379333496,-0.0002669990062713623,0,0.01803795395775783,0.01939644291996956,0.010027655400335789,0.5556,0.3079,0.3556
p022__s06,-0.009351849555969238,-0.0016124248504638672,0,-0.013712269700046353,0.023642024025321007,0.016740282997488976,0.7044,0.622,0.6423
p022__s07,0.03880837559700012,0.00323447585105896,1,0.02403709624115906,0.02366858907043934,0.006777489557862282,0.6403,0.7017,0.5292
p022__s08,0.001216888427734375,-0.0012211203575134277,0,3.0948633286632596e-07,0.013127905316650867,0.009184349328279495,0.6699,0.6064,0.5747
p022__s09,-0.004614129662513733,-0.0007180571556091309,0,-0.007659754955710399,0.019369881600141525,0.013669679872691631,0.7529,0.6962,0.7101
p023__s00,-0.00834617018699646,0.0021129995584487915,0,-0.013044326706604041,0.01598867028951645,0.007213484030216932,0.8117,0.8786,0.8604
p023__s01,-0.014948949217796326,0.005469411611557007,0,-0.012552682735909003,0.021658314391970634,0.019000843167304993,0.5317,0.4841,0.4206
p023__s02,0.0034989118576049805,0.007792428135871887,1,0.015271252694193119,0.01854577474296093,0.010017274878919125,0.79,0.6448,0.7976
p023__s03,0.002932801842689514,0.0015368461608886719,1,0.007001539366412725,0.018609680235385895,0.013273186050355434,0.9393,0.9087,0.9643
p023__s04,0.02038457989692688,0.0032988786697387695,1,0.03336690948703222,0.026178505271673203,0.01828794740140438,0.8286,0.7282,0.7698
p023__s05,0.007344990968704224,0.0003830045461654663,1,0.014657816441275555,0.018417134881019592,0.010585510171949863,0.8415,0.6032,0.831
p023__s06,-0.007382139563560486,0.005041196942329407,0,-0.0005464339804482788,0.03186914324760437,0.02131144143640995,0.9087,0.6508,0.7619
p023__s07,0.007728800177574158,0.007064640522003174,1,0.01796430754225843,0.011504852212965488,0.004967983812093735,0.8553,0.9188,0.9188
p023__s08,-0.013470068573951721,0.00024189800024032593,0,-0.021065493588936862,0.01361167710274458,0.007708330638706684,0.8321,0.873,0.8262
p023__s09,0.012057572603225708,0.005834251642227173,1,0.030247966821362812,0.02286163903772831,0.015072551555931568,0.8726,0.7893,0.7758
p024__s00,0.02438923716545105,0.0013492405414581299,1,0.020451562121876595,0.01989804580807686,0.010848541744053364,0.4035,0.4357,0.4776
p024__s01,0.06124916672706604,0.002019733190536499,1,0.050357496115177834,0.02124214731156826,0.021982699632644653,0.452,0.4101,0.4203
p024__s02,0.039007723331451416,0.0031392276287078857,1,0.028894847120085408,0.02561715990304947,0.013456201180815697,0.4349,0.3845,0.4108
p024__s03,-0.001083463430404663,-0.004169657826423645,0,-0.0056535227008448555,0.023643359541893005,0.019722750410437584,0.4412,0.4449,0.4471
p024__s04,0.002590358257293701,-0.002071171998977661,0,0.0005001995991663353,0.02424851432442665,0.01726435497403145,0.4449,0.4336,0.4402
p024__s05,0.032835423946380615,0.0009613335132598877,1,0.025855034125393313,0.021896706894040108,0.01356214564293623,0.4313,0.2189,0.3063
p024__s06,0.0030134618282318115,-0.0005203932523727417,0,0.0028841479244143473,0.03433111310005188,0.0227761659771204,0.4418,0.4232,0.4313
p024__s07,0.044221729040145874,0.002201259136199951,1,0.025343821017150707,0.024869568645954132,0.007249610032886267,0.3955,0.5249,0.5132
p024__s08,0.010339081287384033,0.0022333860397338867,1,0.009799472874342883,0.017135897651314735,0.01275299396365881,0.5548,0.6227,0.6232
p024__s09,0.0027468055486679077,-0.0009259283542633057,0,0.0021482989084128444,0.02079852484166622,0.015360863879323006,0.4471,0.3614,0.4354
p025__s00,0.0009260028600692749,0.0018849968910217285,1,0.0029687842534768137,0.022651394829154015,0.010353473015129566,0.7214,0.4929,0.7018
p025__s01,0.02942603826522827,0.005427569150924683,1,0.034183237742021505,0.02418643608689308,0.02179774083197117,0.3393,0.5982,0.4274
p025__s02,0.017610207200050354,0.006983250379562378,1,0.02370813654235325,0.026592005044221878,0.013413626700639725,0.575,0.4357,0.5625
p025__s03,0.0017538368701934814,-0.0007125586271286011,0,0.0015933360796822774,0.02828180231153965,0.01832646131515503,0.7054,0.4607,0.6196
p025__s04,-0.0021419376134872437,-8.191168308258057e-05,0,-0.003213670157613823,0.027761491015553474,0.017266523092985153,0.6929,0.3714,0.5143
p025__s05,0.006268694996833801,0.0021851658821105957,1,0.009769896879721372,0.02729910984635353,0.01324109174311161,0.6446,0.1964,0.4289
p025__s06,0.0007319152355194092,0.0024651288986206055,1,0.004825728812553091,0.035707950592041016,0.021447166800498962,0.45,0.3982,0.3107
p025__s07,0.026135295629501343,0.008631467819213867,1,0.026216150925295993,0.022793879732489586,0.007857484742999077,0.6929,0.6607,0.6196
p025__s08,-0.010316923260688782,0.0006726980209350586,0,-0.011594784413761343,0.019504159688949585,0.010024463757872581,0.7589,0.8161,0.8732
p025__s09,0.003776073455810547,3.1538307666778564e-05,1,0.007247230153600298,0.027408026158809662,0.01580502837896347,0.5333,0.425,0.3107
p026__s00,0.05421993136405945,0.0022713840007781982,1,0.038565398132217224,0.02257334627211094,0.011594416573643684,0.2941,0.0,0.2647
p026__s01,0.11590555310249329,0.0066390931606292725,1,0.08506480466942219,0.025910083204507828,0.02542157471179962,0.2059,0.1765,0.1176
p026__s02,0.06399789452552795,0.00738978385925293,1,0.03982732290948669,0.03691403940320015,0.01744358241558075,0.2059,0.1765,0.1765
p026__s03,0.025194227695465088,-0.0011480748653411865,0,0.02480740822382557,0.03935644030570984,0.027135010808706284,0.5802,0.3235,0.7005
p026__s04,0.025171607732772827,-0.00040459632873535156,0,0.02172983757424395,0.028600959107279778,0.017747318372130394,0.4893,0.2647,0.2941
p026__s05,0.06012338399887085,0.0032523274421691895,1,0.040996311453360856,0.025081699714064598,0.012715849094092846,0.2353,0.0,0.1471
p026__s06,0.05345772206783295,0.00030612945556640625,1,0.0505260283445944,0.04760611057281494,0.03173956647515297,0.3529,0.0882,0.2105
p026__s07,0.05916553735733032,0.005675911903381348,1,0.030223962694768566,0.029045594856142998,0.007480340544134378,0.2059,0.2647,0.2353
p026__s08,0.0362512469291687,0.0023899972438812256,1,0.02725829951345551,0.02075739949941635,0.011871716938912868,0.3529,0.3824,0.3529
p026__s09,0.025879278779029846,-0.0049890875816345215,0,0.02337983072823092,0.02247210033237934,0.014075770042836666,0.2647,0.0882,0.1176
p027__s00,0.028596222400665283,0.0013862848281860352,1,0.02160618797327306,0.02368175983428955,0.009410527534782887,0.6019,0.5265,0.5486
p027__s01,0.07568091154098511,0.005916863679885864,1,0.05721218084319155,0.02826046198606491,0.027146775275468826,0.4704,0.4537,0.4852
p027__s02,0.046066343784332275,0.007919251918792725,1,0.03263224392600286,0.02864796109497547,0.011731112375855446,0.5259,0.5185,0.5185
p027__s03,0.005010053515434265,-0.005027681589126587,0,0.001048149303905994,0.019023004919290543,0.015028946101665497,0.6204,0.545,0.6204
p027__s04,0.0008580386638641357,-0.00315093994140625,0,-0.0016329874721644866,0.0212741456925869,0.013957793824374676,0.5635,0.5741,0.5407
p027__s05,0.029895693063735962,0.002723187208175659,1,0.023087897193386085,0.026237301528453827,0.0114243533462286,0.5635,0.537,0.6019
p027__s06,-0.0025861114263534546,-8.165836334228516e-06,0,-0.002729363719860545,0.026319319382309914,0.01854562759399414,0.582,0.5301,0.5741
p027__s07,0.05552715063095093,0.006412863731384277,1,0.031444519161018196,0.028479505330324173,0.007908948697149754,0.6204,0.5486,0.5635
p027__s08,0.014913618564605713,0.0029670298099517822,1,0.012640946087267891,0.017070768401026726,0.009311515837907791,0.6296,0.6037,0.6204
p027__s09,-0.006024003028869629,-0.003171086311340332,0,-0.011343445634494902,0.02138356864452362,0.01279381848871708,0.5301,0.5856,0.6204
p028__s00,0.008962273597717285,-0.0045402199029922485,0,0.0036206906605421064,0.02519015036523342,0.007496620528399944,0.9314,0.7157,0.8039
p028__s01,0.03531010448932648,0.0033871233463287354,1,0.04974860143606768,0.027462773025035858,0.0170349832624197,0.6784,0.7169,0.694
p028__s02,0.024167507886886597,0.002878338098526001,1,0.033211735277196265,0.02602924406528473,0.011781452223658562,0.9216,0.6641,0.9216
p028__s03,-0.00330546498298645,0.004762038588523865,0,0.002016296228131564,0.024155065417289734,0.017354348674416542,0.951,0.7885,0.8065
p028__s04,-0.00040765106678009033,0.0043456703424453735,0,0.006861515890825633,0.021619955077767372,0.012108546681702137,0.7157,0.7157,0.6919
p028__s05,0.015595778822898865,-0.0003856271505355835,0,0.017843786299542534,0.022223612293601036,0.010348914191126823,0.7157,0.7157,0.6919
p028__s06,-0.007825613021850586,0.004277259111404419,0,-0.006770888963191279,0.0390281081199646,0.020575055852532387,0.8824,0.6919,0.7157
p028__s07,0.038229286670684814,0.005254104733467102,1,0.039141310075059305,0.027745872735977173,0.005511857103556395,0.6803,0.7864,0.7157
p028__s08,0.0024891197681427,-0.0020397305488586426,0,-0.0003088573801670355,0.02006405219435692,0.008244647644460201,0.7157,0.7953,0.815
p028__s09,0.0027271658182144165,0.010506987571716309,1,0.014269713826200703,0.020000435411930084,0.010380028747022152,0.7157,0.5535,0.7665
p029__s00,0.030885905027389526,0.006637006998062134,1,0.030909158125443162,0.022994287312030792,0.009603581391274929,0.4806,0.6052,0.5818
p029__s01,0.06412044167518616,0.011222124099731445,1,0.058969593079667974,0.024502059444785118,0.022566640749573708,0.37,0.3951,0.4007
p029__s02,0.045642852783203125,0.013052195310592651,1,0.04269241175740488,0.027471764013171196,0.012710279785096645,0.4134,0.4061,0.4906
p029__s03,0.010421216487884521,-0.0012699216604232788,0,0.01133817258854763,0.021021971479058266,0.014806079678237438,0.5391,0.439,0.5807
p029__s04,0.009095773100852966,0.00047019124031066895,1,0.01026703644002773,0.02115229330956936,0.012858453206717968,0.5613,0.6318,0.608
p029__s05,0.03552010655403137,0.005708277225494385,1,0.03428690759301656,0.026283446699380875,0.010998612269759178,0.4301,0.3764,0.3984
p029__s06,0.00704018771648407,0.004813686013221741,1,0.01440087953236891,0.026716027408838272,0.017031008377671242,0.3896,0.4275,0.5062
p029__s07,0.05418515205383301,0.01104050874710083,1,0.03680334907778683,0.025713268667459488,0.008526437915861607,0.2899,0.3153,0.3363
p029__s08,0.01855480670928955,0.006013542413711548,1,0.019809751396810245,0.017617138102650642,0.009092381224036217,0.5035,0.5713,0.5313
p029__s09,-0.003538787364959717,-0.0027813613414764404,0,-0.010705778185040312,0.021167919039726257,0.011405964381992817,0.4669,0.5311,0.598
p030__s00,0.01069653034210205,-0.00026038289070129395,0,0.010208198281790978,0.015541096217930317,0.0076916334219276905,0.5633,0.4315,0.3951
p030__s01,0.049484044313430786,0.005474299192428589,1,0.04849240219007801,0.023749450221657753,0.018511533737182617,0.0,0.0,0.0
p030__s02,0.034800052642822266,0.005894571542739868,1,0.034884539550282305,0.02281908690929413,0.010995760560035706,0.2896,0.2292,0.3182
p030__s03,-0.0006164610385894775,-0.000766262412071228,0,-0.001854591090026299,0.016658831387758255,0.012482395395636559,0.4523,0.1714,0.375
p030__s04,-0.0012033283710479736,0.0001926720142364502,0,-0.0012503260371464627,0.018667757511138916,0.012430855073034763,0.6042,0.6169,0.6078
p030__s05,0.01291106641292572,0.00011709332466125488,1,0.013243537554116416,0.018012747168540955,0.009789196774363518,0.3416,0.1545,0.2343
p030__s06,-0.004194572567939758,0.00024703145027160645,0,-0.006518284595859865,0.02693784423172474,0.017296189442276955,0.3068,0.1659,0.3264
p030__s07,0.03928616642951965,0.006436556577682495,1,0.029932639886907492,0.018739309161901474,0.006275982595980167,0.0,0.1714,0.1977
p030__s08,0.0015759915113449097,-0.0007094442844390869,0,0.000860923253905319,0.012866867706179619,0.0070401146076619625,0.0,0.3471,0.2289
p030__s09,-0.010899394750595093,0.00046869367361068726,0,-0.019982596672756564,0.019868280738592148,0.010535204783082008,0.3276,0.4078,0.464
p031__s00,0.021579831838607788,0.0018884837627410889,1,0.021190060486994483,0.021407321095466614,0.009735814295709133,0.5988,0.5254,0.5185
p031__s01,0.05863049626350403,0.005704134702682495,1,0.051903950387053734,0.026758452877402306,0.024922432377934456,0.3571,0.3884,0.3945
p031__s02,0.038534849882125854,0.009062588214874268,1,0.038186792176115855,0.027695730328559875,0.012163893319666386,0.4309,0.3594,0.4286
p031__s03,0.004179969429969788,-0.0007976889610290527,0,0.0040505303204426335,0.022863667458295822,0.016547279432415962,0.4901,0.479,0.537
p031__s04,0.001663491129875183,0.0015077590942382812,1,0.0037394009687671927,0.021695880219340324,0.013125366531312466,0.6049,0.4506,0.3889
p031__s05,0.027350008487701416,0.002383023500442505,1,0.026094099379071246,0.026864994317293167,0.012472170405089855,0.4506,0.4198,0.4136
p031__s06,0.0034612268209457397,0.002006933093070984,1,0.007039978441916742,0.028623247519135475,0.017729006707668304,0.4506,0.5679,0.4506
p031__s07,0.04653170704841614,0.009755551815032959,1,0.03471599728518092,0.025144578889012337,0.008256363682448864,0.4187,0.5309,0.4037
p031__s08,0.011987864971160889,0.0018415451049804688,1,0.012239548985764293,0.0175413116812706,0.009265034459531307,0.6173,0.5627,0.5926
p031__s09,0.0040455162525177,-0.0070560649037361145,0,-0.009916791407131207,0.02420610748231411,0.013742715120315552,0.4302,0.409,0.4457
p032__s00,0.013161242008209229,0.0017693042755126953,1,0.012450175221262015,0.01756780408322811,0.007792229764163494,0.6188,0.5042,0.5042
p032__s01,0.03979185223579407,0.006155282258987427,1,0.0372996739204764,0.021863942965865135,0.02145981788635254,0.15,0.325,0.3063
p032__s02,0.023717910051345825,0.007508635520935059,1,0.02360079156382015,0.02411581575870514,0.011254786513745785,0.4417,0.3063,0.3063
p032__s03,-0.000900954008102417,-0.0026493817567825317,0,-0.0038561777333490565,0.02040921337902546,0.013182154856622219,0.525,0.4917,0.4917
p032__s04,-0.013982176780700684,-0.002749606966972351,0,-0.018288970855836174,0.017165126278996468,0.012371615506708622,0.525,0.4729,0.5875
p032__s05,0.018374085426330566,0.001320570707321167,1,0.01582938362215464,0.019587576389312744,0.011142837814986706,0.6188,0.6062,0.5542
p032__s06,-0.024249568581581116,-0.0007992833852767944,0,-0.02981497410351725,0.028172368183732033,0.01871635764837265,0.4229,0.275,0.4417
p032__s07,0.029207468032836914,0.0076049864292144775,1,0.02232743787496584,0.024024492129683495,0.00730523094534874,0.4729,0.4729,0.3063
p032__s08,0.00778844952583313,0.0018694698810577393,1,0.0076997807434815305,0.01547299511730671,0.008900252170860767,0.4417,0.4729,0.4729
p032__s09,0.003972962498664856,0.002781108021736145,1,0.007385526070574121,0.02067883126437664,0.011376142501831055,0.5563,0.6062,0.575
p033__s00,0.018064051866531372,0.0015821754932403564,1,0.01840895251058682,0.016330014914274216,0.007867677137255669,0.6425,0.629,0.6766
p033__s01,0.05282711982727051,0.005109190940856934,1,0.04979581476296495,0.02238018624484539,0.018876569345593452,0.4798,0.5591,0.4611
p033__s02,0.04150599241256714,0.009097427129745483,1,0.04051314564308617,0.025986887514591217,0.011995034292340279,0.5052,0.469,0.5925
p033__s03,0.007025167346000671,-0.0010825246572494507,0,0.008273909719202267,0.02010386250913143,0.014709794893860817,0.6579,0.6167,0.6385
p033__s04,0.009967640042304993,0.0004213601350784302,1,0.012876614016068013,0.021569594740867615,0.01384007465094328,0.6475,0.5175,0.5056
p033__s05,0.023705914616584778,0.0012158453464508057,1,0.024267048261205935,0.01810317486524582,0.01022168155759573,0.5821,0.5483,0.5881
p033__s06,0.0030464977025985718,0.0019915252923965454,1,0.00703452647735507,0.02935630828142166,0.0187422763556242,0.6639,0.5909,0.5999
p033__s07,0.03674760460853577,0.008246093988418579,1,0.028207725862653816,0.02224714681506157,0.006315377540886402,0.5833,0.6385,0.6048
p033__s08,0.006676584482192993,0.0012520849704742432,1,0.007277282705042774,0.013943066820502281,0.00815781019628048,0.519,0.6623,0.6405
p033__s09,-0.006336972117424011,-0.005749069154262543,0,-0.025607601910023342,0.017986753955483437,0.010844551958143711,0.572,0.6037,0.6643
p034__s00,-0.005795672535896301,0.0018443241715431213,0,-0.007712641171275417,0.018319493159651756,0.010074435733258724,0.55,0.6,0.7
p034__s01,0.0027268975973129272,0.004998385906219482,1,0.013058011109949814,0.02341707982122898,0.01694595068693161,0.4667,0.4667,0.4167
p034__s02,0.011303216218948364,0.002664141356945038,1,0.024749447355023543,0.02186153456568718,0.010845811106264591,0.6667,0.5,0.6583
p034__s03,0.002931654453277588,0.0233478844165802,1,0.030799876042629896,0.018987426534295082,0.015808913856744766,0.7,0.6361,0.6208
p034__s04,0.016092032194137573,0.019466862082481384,1,0.048407919885852524,0.022489892318844795,0.016626378521323204,0.6015,0.55,0.6167
p034__s05,0.005750596523284912,0.006821617484092712,1,0.024044146114982054,0.02050067111849785,0.012697109021246433,0.4333,0.4,0.4875
p034__s06,0.0002851635217666626,0.01607966423034668,1,0.017235543577734436,0.03087002970278263,0.02164623886346817,0.45,0.5019,0.5352
p034__s07,0.02191561460494995,0.0026322901248931885,1,0.0386411432974741,0.019315054640173912,0.0071077835746109486,0.5944,0.6167,0.6352
p034__s08,-0.007262125611305237,0.004559323191642761,0,-0.003236710144598764,0.01717985048890114,0.009888997301459312,0.4667,0.65,0.6667
p034__s09,0.02801932394504547,0.024504005908966064,1,0.05480655710054659,0.02629936672747135,0.017288031056523323,0.4667,0.5611,0.5545
p035__s00,-0.001481182873249054,9.457021951675415e-05,0,-0.0035695255322649657,0.018190132454037666,0.010317720472812653,0.8462,0.8846,0.8846
p035__s01,-0.03230160474777222,0.0008093416690826416,0,-0.048243369287174966,0.031046433374285698,0.02370370179414749,0.8324,0.7019,0.8324
p035__s02,0.0029612556099891663,0.0007010474801063538,1,0.008587112272602006,0.02505083568394184,0.015083059668540955,0.9038,0.8654,0.8654
p035__s03,0.0012780576944351196,0.001636788249015808,1,0.004319785006671399,0.02538716234266758,0.013972630724310875,0.8654,0.8269,0.9231
p035__s04,0.013986587524414062,0.00128994882106781,1,0.02578764651020898,0.02975263074040413,0.019473038613796234,0.8654,0.8654,0.8846
p035__s05,0.014036670327186584,0.00044840574264526367,1,0.030893777569346418,0.02603871561586857,0.014456473290920258,0.8269,0.7692,0.7885
p035__s06,-0.009726956486701965,0.000514298677444458,0,-0.015643459819935118,0.03539283946156502,0.022454839199781418,0.9038,0.9038,0.9423
p035__s07,0.013982869684696198,0.001580849289894104,1,0.03211442599543404,0.017969317734241486,0.006334422621876001,0.8462,0.8846,0.8846
p035__s08,-0.011497214436531067,-2.642720937728882e-05,0,-0.02660511550698793,0.0186145156621933,0.009593772701919079,0.9423,0.9423,0.9615
p035__s09,0.025400295853614807,0.001366257667541504,1,0.036189060492382276,0.038548704236745834,0.02044820971786976,0.75,0.6401,0.8462
p036__s00,0.009254992008209229,-0.0019247382879257202,0,0.008662706069595466,0.016164440661668777,0.007082032505422831,0.2569,0.2777,0.2525
p036__s01,0.050624534487724304,0.0005749762058258057,1,0.057329798044555125,0.02035958506166935,0.019389977678656578,0.1512,0.1599,0.1506
p036__s02,0.03677630424499512,0.0018451660871505737,1,0.047217262356121836,0.020963868126273155,0.010431794449687004,0.0714,0.0694,0.0595
p036__s03,-0.0033260583877563477,0.003086581826210022,0,0.00019842669855129648,0.017026180401444435,0.013669186271727085,0.1124,0.1155,0.1131
p036__s04,0.0009458363056182861,0.0029023289680480957,1,0.007112484023104024,0.018163273110985756,0.011377575807273388,0.0714,0.1266,0.1266
p036__s05,0.014535441994667053,0.00034155696630477905,1,0.020847804975831215,0.01851235330104828,0.00951351411640644,0.0694,0.097,0.097
p036__s06,-0.0007298886775970459,0.002576887607574463,0,0.0030701178793137375,0.023973792791366577,0.01627645455300808,0.1652,0.2096,0.1652
p036__s07,0.04582875967025757,0.003220081329345703,1,0.04038925687533354,0.02159849926829338,0.0062917680479586124,0.1699,0.1735,0.1682
p036__s08,-0.0020649880170822144,-0.0011979714035987854,0,-0.006041106955167868,0.014024076983332634,0.007291837595403194,0.3199,0.2983,0.3297
p036__s09,0.0069807469844818115,0.00531516969203949,1,0.019432070736436647,0.020455950871109962,0.012444259598851204,0.1167,0.0833,0.0833
p037__s00,0.015370026230812073,0.0014058053493499756,1,0.01875821860684932,0.018294071778655052,0.009083257988095284,0.9167,0.9583,0.8864
p037__s01,0.04352925717830658,0.002902090549468994,1,0.05207367954393074,0.025682298466563225,0.02195059135556221,0.6753,0.3409,0.6515
p037__s02,0.03084997832775116,0.0032876133918762207,1,0.03509152017567761,0.023185670375823975,0.011297892779111862,0.928,0.8917,0.9583
p037__s03,9.292364120483398e-05,-0.001446053385734558,0,-0.0020613977110380518,0.018790431320667267,0.013245655223727226,0.9583,0.9583,0.9583
p037__s04,0.006310418248176575,-0.0005344152450561523,0,0.009051923914849914,0.023026054725050926,0.014999495819211006,0.8674,0.9697,0.9327
p037__s05,0.021755799651145935,0.001448899507522583,1,0.02619310400881438,0.020656563341617584,0.012233760207891464,0.7644,0.553,0.8296
p037__s06,0.005053862929344177,0.0020904242992401123,1,0.012872663285579174,0.028566207736730576,0.020276838913559914,0.8561,0.697,0.9697
p037__s07,0.030495673418045044,0.002130478620529175,1,0.02390084092872992,0.017177024856209755,0.006253955420106649,0.928,0.963,0.9167
p037__s08,0.005977466702461243,0.0009233653545379639,1,0.007611440388353357,0.012756998650729656,0.00928124226629734,0.9583,1.0,1.0
p037__s09,0.012859776616096497,0.0034745335578918457,1,0.033562711279106164,0.02028425969183445,0.014202804304659367,0.8917,0.728,0.6917
p038__s00,0.009640783071517944,-0.001246631145477295,0,0.007854400823473967,0.014179167337715626,0.0063691772520542145,0.2384,0.2625,0.2542
p038__s01,0.04403308033943176,0.0014520734548568726,1,0.037981963015719385,0.016403652727603912,0.018891267478466034,0.1667,0.1496,0.1485
p038__s02,0.034685760736465454,0.005854815244674683,1,0.034223817813440346,0.020793529227375984,0.00971396453678608,0.2137,0.2333,0.2229
p038__s03,-0.007382944226264954,-0.0035913288593292236,0,-0.015012911936410819,0.01707473397254944,0.012399326078593731,0.3062,0.2595,0.2762
p038__s04,-0.0026219189167022705,-0.00034865736961364746,0,-0.0035199005636481614,0.01610737293958664,0.011636913754045963,0.3062,0.2593,0.297
p038__s05,0.012398064136505127,-0.0012336969375610352,0,0.01079429468172692,0.014418862760066986,0.008963552303612232,0.1759,0.1574,0.1678
p038__s06,-0.01758331060409546,-0.0006345808506011963,0,-0.027821415821382086,0.023318631574511528,0.015293864533305168,0.2958,0.2866,0.3167
p038__s07,0.04298385977745056,0.005137503147125244,1,0.030829417933583715,0.024331260472536087,0.005569729488343,0.1759,0.25,0.2167
p038__s08,-0.0005224049091339111,-0.0017685890197753906,0,-0.0026120771556962332,0.012719379737973213,0.007034088484942913,0.2593,0.2593,0.2488
p038__s09,-0.00337982177734375,0.001506611704826355,0,-0.00262053920820761,0.019322194159030914,0.010669893585145473,0.3167,0.1481,0.2407
p039__s00,0.02817845344543457,0.0014348626136779785,1,0.022229903719537692,0.018107399344444275,0.008769946172833443,0.3889,0.373,0.3889
p039__s01,0.07642343640327454,0.003790050745010376,1,0.060475252655030357,0.021198632195591927,0.021044008433818817,0.4246,0.336,0.336
p039__s02,0.04732409119606018,0.005669951438903809,1,0.03366109592052733,0.02396181970834732,0.01153354998677969,0.5159,0.3889,0.3889
p039__s03,-0.001165151596069336,-0.004122108221054077,0,-0.00457988027506402,0.021239131689071655,0.013922066427767277,0.3889,0.3889,0.3889
p039__s04,0.0024075210094451904,-0.0007475614547729492,0,0.0016835980263307606,0.02276262640953064,0.013881463557481766,0.5794,0.3889,0.5952
p039__s05,0.028903990983963013,0.0017598867416381836,1,0.022143014684667877,0.020160604268312454,0.010670812800526619,0.3704,0.375,0.375
p039__s06,0.006137743592262268,0.0005647838115692139,1,0.007268213022807913,0.029105735942721367,0.01969008520245552,0.3889,0.3889,0.3889
p039__s07,0.04910695552825928,0.004320383071899414,1,0.02744964227372293,0.02250976301729679,0.0069594234228134155,0.3624,0.381,0.5476
p039__s08,0.013298004865646362,0.0014340877532958984,1,0.011376158472374972,0.01341842208057642,0.008921870030462742,0.5608,0.5913,0.5794
p039__s09,-0.005079284310340881,-0.003383159637451172,0,-0.011558686951826526,0.02061876282095909,0.012310199439525604,0.3532,0.3029,0.3214
p040__s00,-0.01299479603767395,0.0001226663589477539,0,-0.0346743982589042,0.016529597342014313,0.008195789530873299,0.8926,0.7576,0.7121
p040__s01,-0.00450664758682251,0.0018567293882369995,0,-0.002166957586213507,0.02983076684176922,0.023192161694169044,0.6556,0.2,0.0
p040__s02,0.0040781572461128235,0.001014120876789093,1,0.01303525117769885,0.022665364667773247,0.009330550208687782,0.8667,0.8857,0.8917
p040__s03,-0.005975499749183655,0.006165489554405212,0,0.0003408524074984525,0.01618531160056591,0.011378404684364796,0.9259,0.8917,0.925
p040__s04,0.004029661417007446,0.0042718201875686646,1,0.015758444019328598,0.02088518626987934,0.015448447316884995,0.925,0.7667,0.8121
p040__s05,0.004484333097934723,0.0025894194841384888,1,0.01699477760454052,0.020204594358801842,0.011113202199339867,0.7667,0.6611,0.7333
p040__s06,-0.012605041265487671,0.005045831203460693,0,-0.013204324511794697,0.024275587871670723,0.019651375710964203,0.8381,0.8381,0.8259
p040__s07,0.011312544345855713,0.00026744604110717773,1,0.01662933080864992,0.01730942539870739,0.004993213340640068,0.6167,0.7,0.7333
p040__s08,-0.011720992624759674,0.0019342973828315735,0,-0.01814116721050186,0.012924181297421455,0.008806419558823109,0.8583,0.8259,0.8259
p040__s09,0.010129570960998535,0.00592823326587677,1,0.021705380374657496,0.023232460021972656,0.014207417145371437,0.8667,0.7667,0.8455
p041__s00,0.022268176078796387,0.0031251609325408936,1,0.0223049912753912,0.027213778346776962,0.015865914523601532,1.0,1.0,1.0
p041__s01,0.04877108335494995,0.004630714654922485,1,0.040251143978412396,0.02427743934094906,0.03061637282371521,0.7905,0.8155,0.9524
p041__s02,0.03858181834220886,0.011041879653930664,1,0.03722741069186887,0.03410643711686134,0.01930023357272148,0.9048,0.8631,0.8631
p041__s03,0.0054302215576171875,0.006285637617111206,1,0.009730064469738637,0.03240400552749634,0.02211691625416279,0.9667,1.0,0.9583
p041__s04,0.01694926619529724,0.004740267992019653,1,0.019984033180114234,0.02932700701057911,0.01557205244898796,0.9583,0.9583,1.0
p041__s05,0.024539440870285034,-0.00035262107849121094,0,0.021695669730872225,0.027212871238589287,0.014409451745450497,0.9524,0.625,0.9524
p041__s06,-0.000851854681968689,0.009374558925628662,0,0.007595001728575763,0.04077473282814026,0.024402983486652374,1.0,0.9259,0.9583
p041__s07,0.040234923362731934,0.003913313150405884,1,0.02785132985080417,0.02814340591430664,0.0119831757619977,1.0,0.9167,0.9583
p041__s08,0.00513070821762085,0.000775456428527832,1,0.00501778201231054,0.024736734107136726,0.012735730037093163,1.0,0.9583,0.9583
p041__s09,0.002906128764152527,-0.006323561072349548,0,-0.004312942292385189,0.02393975853919983,0.013175539672374725,0.963,0.9048,1.0
p042__s00,0.0028871744871139526,-0.00034931302070617676,0,0.0027644171940293324,0.023964446038007736,0.010420410893857479,0.7216,0.4375,0.7847
p042__s01,0.023734599351882935,0.0013788789510726929,1,0.02368797024007164,0.028302442282438278,0.022860663011670113,0.0625,0.2411,0.2292
p042__s02,0.019039183855056763,0.004012614488601685,1,0.021667377938778258,0.027642786502838135,0.01428020466119051,0.5526,0.244,0.3482
p042__s03,-0.0064990222454071045,-0.0014093294739723206,0,-0.01184037784257762,0.026095915585756302,0.018908986821770668,0.7788,0.7817,0.7341
p042__s04,-0.0033616572618484497,-0.0009694471955299377,0,-0.006264864720725086,0.025088299065828323,0.017165198922157288,0.6835,0.4554,0.755
p042__s05,0.01643340289592743,-7.580220699310303e-05,0,0.01722100869743246,0.02675170823931694,0.01406739093363285,0.6865,0.3512,0.3929
p042__s06,-0.012400418519973755,0.0024344995617866516,0,-0.012767271764271544,0.033184487372636795,0.022748610004782677,0.7312,0.4147,0.7371
p042__s07,0.028944015502929688,0.0045188963413238525,1,0.02481086773844059,0.028878476470708847,0.00750656658783555,0.6687,0.7788,0.369
p042__s08,-0.002983391284942627,-0.00038573145866394043,0,-0.0036177033786762938,0.018202506005764008,0.01132455188781023,0.6895,0.6835,0.6895
p042__s09,0.012351632118225098,0.004260197281837463,1,0.02582224745870039,0.025009170174598694,0.01623638905584812,0.6627,0.5843,0.6227
p043__s00,0.025119051337242126,0.0009935349225997925,1,0.02527697289722308,0.018775342032313347,0.008040624670684338,0.6875,0.5417,0.75
p043__s01,0.08360975980758667,0.003722667694091797,1,0.08137267856532125,0.02375662885606289,0.019010480493307114,0.4773,0.375,0.5083
p043__s02,0.04774710536003113,0.005322664976119995,1,0.04310100343507667,0.028934095054864883,0.011856915429234505,0.7604,0.5833,0.6058
p043__s03,-0.003547847270965576,-0.0034695416688919067,0,-0.011021214670671943,0.018579570576548576,0.013474549166858196,0.7308,0.5833,0.6875
p043__s04,-0.012068018317222595,-0.002164602279663086,0,-0.022336339224759888,0.02040008082985878,0.0122631611302495,0.625,0.5208,0.5417
p043__s05,0.021888762712478638,0.0010828971862792969,1,0.02163121871935497,0.02055811695754528,0.009099770337343216,0.5417,0.5167,0.5417
p043__s06,0.008711040019989014,0.0009199827909469604,1,0.016091111491721235,0.028170853853225708,0.01947275549173355,0.5189,0.5189,0.625
p043__s07,0.05191868543624878,0.005762547254562378,1,0.034888812871880455,0.022052668035030365,0.007217761129140854,0.5833,0.625,0.5417
p043__s08,0.009762048721313477,9.733438491821289e-05,1,0.010204498247163088,0.014132103882730007,0.007535227108746767,0.6875,0.75,0.75
p043__s09,0.009919539093971252,0.004163071513175964,1,0.027747155555699572,0.021395521238446236,0.012158945202827454,0.5417,0.5417,0.5417
p044__s00,0.012253329157829285,0.002683475613594055,1,0.017601525590914734,0.021105142310261726,0.01042836531996727,0.6905,0.5306,0.5
p044__s01,0.0315130352973938,0.003635108470916748,1,0.037881771590846214,0.025708554312586784,0.016198212280869484,0.3155,0.3333,0.4107
p044__s02,0.02543690800666809,0.00853864848613739,1,0.03495625478018239,0.03093000315129757,0.014152433723211288,0.4881,0.1429,0.3571
p044__s03,0.0044676512479782104,-0.0012914091348648071,0,0.0042890755451482085,0.02624167688190937,0.019381027668714523,0.7143,0.4821,0.6582
p044__s04,-0.0022948384284973145,-0.003353811800479889,0,-0.011172436292377061,0.02369874343276024,0.017215272411704063,0.5714,0.5238,0.5714
p044__s05,0.020971983671188354,0.003156915307044983,1,0.026051053987487565,0.022689567878842354,0.014637024141848087,0.5476,0.4048,0.5
p044__s06,-0.0060264915227890015,0.0037679523229599,0,-0.0029039448940747633,0.036386072635650635,0.024454085156321526,0.625,0.5272,0.5298
p044__s07,0.03739693760871887,0.008647501468658447,1,0.034582215487470105,0.03658931702375412,0.007990624755620956,0.5714,0.5476,0.5255
p044__s08,0.007911771535873413,0.001773834228515625,1,0.010866997393685823,0.017276698723435402,0.011794270016252995,0.6199,0.568,0.6633
p044__s09,0.013885200023651123,0.004350632429122925,1,0.02305010310784962,0.025898991152644157,0.014079428277909756,0.6122,0.2619,0.3333
p045__s00,0.006972655653953552,-0.0020597055554389954,0,0.00572749977927886,0.024182092398405075,0.009085805155336857,0.7098,0.7522,0.7325
p045__s01,0.07346589863300323,0.006154552102088928,1,0.09274188119034425,0.02858082950115204,0.024163899943232536,0.4763,0.5528,0.4295
p045__s02,0.027047961950302124,0.0036326348781585693,1,0.03588804844374953,0.026976030319929123,0.012262427248060703,0.4884,0.5185,0.5542
p045__s03,-0.0023273974657058716,0.002800367772579193,0,0.0015544894430659035,0.02234838716685772,0.014539147727191448,0.5,0.4271,0.4271
p045__s04,0.003113165497779846,0.011091724038124084,1,0.022567871732535612,0.022536063566803932,0.013151206076145172,0.375,0.5,0.4844
p045__s05,0.004867047071456909,-0.0032554268836975098,0,-0.0013706242424365526,0.023399844765663147,0.012067815288901329,0.5478,0.5426,0.4831
p045__s06,0.008115410804748535,0.00836251676082611,1,0.026848243657271433,0.03207535296678543,0.02069254405796528,0.3438,0.3438,0.4375
p045__s07,0.033543676137924194,0.005317717790603638,1,0.0315688395687554,0.02334553189575672,0.006462265271693468,0.2906,0.5081,0.6207
p045__s08,-0.008586347103118896,-0.004033878445625305,0,-0.021063036796655374,0.015923291444778442,0.008450271561741829,0.4743,0.5888,0.7055
p045__s09,-0.00011843442916870117,0.015819787979125977,0,0.021990262655514035,0.02513761632144451,0.013417931273579597,0.4021,0.6312,0.6713
p046__s00,0.018568038940429688,0.0035800933837890625,1,0.017041931254092844,0.02217382937669754,0.009694643318653107,0.475,0.3572,0.4565
p046__s01,0.04907974600791931,0.008579999208450317,1,0.04113819742891039,0.02348882518708706,0.025499043986201286,0.1894,0.3391,0.1086
p046__s02,0.03459426760673523,0.010259747505187988,1,0.03040336426041477,0.0265872310847044,0.01254445593804121,0.2298,0.3965,0.3704
p046__s03,0.0032829642295837402,-0.001693129539489746,0,0.0016196676720500029,0.021447675302624702,0.015405343845486641,0.5372,0.3383,0.3891
p046__s04,0.008485972881317139,-2.5391578674316406e-05,0,0.007673520831268986,0.020671123638749123,0.012801000848412514,0.4947,0.3864,0.5207
p046__s05,0.025348901748657227,0.0037855207920074463,1,0.02260596637060938,0.02319941855967045,0.011949067935347557,0.5381,0.3111,0.2761
p046__s06,-0.007637038826942444,0.0023066550493240356,0,-0.0057426671922257855,0.029918018728494644,0.0197896771132946,0.4201,0.5389,0.512
p046__s07,0.03776061534881592,0.009639501571655273,1,0.025634023457718792,0.02448519691824913,0.007571053691208363,0.4298,0.3402,0.32
p046__s08,0.004393041133880615,0.0037729740142822266,1,0.00614127726894415,0.016550475731492043,0.010025454685091972,0.6872,0.6948,0.6046
p046__s09,-0.004390493035316467,-0.006104826927185059,0,-0.016387566519875454,0.0205535925924778,0.011851311661303043,0.6065,0.3895,0.3631
p047__s00,0.004107430577278137,-0.0009881258010864258,0,0.004361552597702877,0.02037820965051651,0.011013020761311054,0.75,0.7188,0.7188
p047__s01,0.01974216103553772,0.00017540156841278076,1,0.03300800909830757,0.02687731944024563,0.014638615772128105,0.7188,0.6562,0.625
p047__s02,0.023044809699058533,0.0008717924356460571,1,0.03080669932367628,0.02459130808711052,0.012894390150904655,0.6562,0.7188,0.696
p047__s03,-0.0045213401317596436,0.0034676194190979004,0,-0.0015141230909497226,0.02182214893400669,0.016915354877710342,0.75,0.6687,0.7188
p047__s04,0.002207532525062561,0.002247646450996399,1,0.00829329404019926,0.025953877717256546,0.019862540066242218,0.75,0.75,0.75
p047__s05,0.011635661125183105,0.0004155784845352173,1,0.015453079192895201,0.022389277815818787,0.014544835314154625,0.7188,0.7273,0.7188
p047__s06,-0.003229185938835144,0.0038984715938568115,0,0.0005701371582187975,0.039796531200408936,0.024641724303364754,0.75,0.6875,0.6687
p047__s07,0.012702852487564087,0.0015141218900680542,1,0.012802719886731226,0.015168650075793266,0.008489287458360195,0.6875,0.75,0.75
p047__s08,-0.008806824684143066,-0.0001630038022994995,0,-0.011804446968982796,0.018162725493311882,0.013142557814717293,0.7188,0.6687,0.7
p047__s09,0.00434449315071106,0.004563078284263611,1,0.012694444301351525,0.02818085439503193,0.018808482214808464,0.7188,0.6733,0.7188
p048__s00,-0.003156602382659912,-0.0010218024253845215,0,-0.004239177292390425,0.01866300217807293,0.007352266926318407,0.4286,0.4286,0.4107
p048__s01,0.020773619413375854,0.0011571645736694336,1,0.016731595931427798,0.024511773139238358,0.01855987310409546,0.3319,0.4143,0.3968
p048__s02,0.010469883680343628,0.0019196271896362305,1,0.011132922881189373,0.022569021210074425,0.010581892915070057,0.3679,0.377,0.4286
p048__s03,0.0013161897659301758,0.0024215877056121826,1,0.0033786062751379508,0.018716897815465927,0.012934149242937565,0.4697,0.4603,0.4921
p048__s04,0.017109721899032593,0.003242582082748413,1,0.016077538739041358,0.02150384895503521,0.014697279781103134,0.4796,0.4464,0.4592
p048__s05,0.008569926023483276,-0.0011831670999526978,0,0.006935189913018369,0.02177063561975956,0.011224707588553429,0.3929,0.3795,0.3286
p048__s06,0.005703330039978027,0.003278583288192749,1,0.007592134225683865,0.03348113223910332,0.020543251186609268,0.3571,0.2857,0.3776
p048__s07,0.017570167779922485,0.0012534260749816895,1,0.014562952122480615,0.018773695454001427,0.005918629467487335,0.4107,0.2857,0.4286
p048__s08,-0.008200526237487793,-0.001385316252708435,0,-0.009006556781664565,0.017194123938679695,0.009167740121483803,0.4107,0.3821,0.4
p048__s09,0.002037838101387024,0.004574775695800781,1,0.006886620298784764,0.023440483957529068,0.013624435290694237,0.4311,0.3929,0.375
p049__s00,0.009033754467964172,-8.33272933959961e-05,0,0.00880342988393033,0.019111759960651398,0.008180806413292885,0.4586,0.3926,0.4551
p049__s01,0.03255927562713623,0.005596131086349487,1,0.032699088262474967,0.022060533985495567,0.017720414325594902,0.4632,0.5197,0.4543
p049__s02,0.022863388061523438,0.007253438234329224,1,0.02609513835846268,0.023630058392882347,0.011255922727286816,0.4919,0.3098,0.3402
p049__s03,0.005009323358535767,-0.0012194514274597168,0,0.00438999880986792,0.022373268380761147,0.01684941165149212,0.5329,0.2093,0.4829
p049__s04,0.0039244890213012695,-0.002657279372215271,0,0.0009941288859743659,0.018905064091086388,0.012935901060700417,0.5266,0.3991,0.5391
p049__s05,0.01571550965309143,0.0013799965381622314,1,0.016782532681850322,0.0218289103358984,0.011259877122938633,0.5043,0.2072,0.3926
p049__s06,-0.009250804781913757,-0.000446513295173645,0,-0.012985692504689455,0.028523581102490425,0.01987648755311966,0.4725,0.403,0.4736
p049__s07,0.0287400484085083,0.008759677410125732,1,0.024694954267845074,0.023305239155888557,0.0054086907766759396,0.3792,0.4725,0.471
p049__s08,0.003094017505645752,0.000944972038269043,1,0.003726259835278367,0.013235560618340969,0.00865477230399847,0.4725,0.4829,0.4725
p049__s09,0.009248793125152588,0.002848982810974121,1,0.014627412811308487,0.018339497968554497,0.01098135020583868,0.4947,0.3998,0.5329
p050__s00,0.027732014656066895,-0.0031915605068206787,0,0.021850870153109287,0.026794373989105225,0.010593217797577381,0.6829,0.6829,0.6579
p050__s01,0.0690193623304367,-0.0026837587356567383,0,0.06243719698329499,0.028634171932935715,0.023168079555034637,0.5079,0.6615,0.5079
p050__s02,0.037694960832595825,0.0021848976612091064,1,0.03034123140385333,0.03177235275506973,0.013245262205600739,0.4794,0.5794,0.6079
p050__s03,0.005478501319885254,-0.0024588406085968018,0,0.003992432349497024,0.026437560096383095,0.01835952326655388,0.6829,0.6829,0.7302
p050__s04,-0.006972149014472961,-0.0007517784833908081,0,-0.010263658425859435,0.018342602998018265,0.01341642253100872,0.7718,0.7718,0.7115
p050__s05,0.02903541922569275,-0.0022659003734588623,0,0.02110924270523865,0.026688221842050552,0.011568859219551086,0.6079,0.6615,0.6865
p050__s06,0.0035898536443710327,-0.0016348809003829956,0,0.0029508821003399344,0.032369162887334824,0.02295716665685177,0.7115,0.7468,0.7754
p050__s07,0.04041066765785217,0.0038537979125976562,1,0.026253833676880303,0.02773524634540081,0.006161753553897142,0.6579,0.6865,0.6865
p050__s08,0.015810221433639526,-0.0016255676746368408,0,0.011567014069400873,0.019011959433555603,0.009841005317866802,0.6615,0.7595,0.7623
p050__s09,0.019156932830810547,-0.0031178295612335205,0,0.01772284857087251,0.023423491045832634,0.013922031037509441,0.6329,0.5774,0.6079
p051__s00,0.02857401967048645,0.0006220638751983643,1,0.021826423534204716,0.019940126687288284,0.008680957369506359,0.5188,0.5188,0.5188
p051__s01,0.07547691464424133,0.005394041538238525,1,0.056032574309761406,0.021969987079501152,0.02399306558072567,0.2804,0.4071,0.4071
p051__s02,0.0469629168510437,0.004902690649032593,1,0.033806640725501304,0.026267582550644875,0.011084052734076977,0.4875,0.4429,0.5366
p051__s03,0.0008204132318496704,-0.0037339627742767334,0,-0.0026497562931816114,0.01841965690255165,0.014186282642185688,0.5366,0.5366,0.5366
p051__s04,-0.004196584224700928,-0.001613527536392212,0,-0.0055199064414885824,0.018133249133825302,0.013485551811754704,0.5366,0.5188,0.5188
p051__s05,0.029880672693252563,0.0012292265892028809,1,0.02335637001665039,0.021144133061170578,0.01105533167719841,0.425,0.3893,0.4071
p051__s06,-0.005892768502235413,-0.0005792677402496338,0,-0.007056588374376692,0.027456432580947876,0.01817539893090725,0.5366,0.5366,0.5366
p051__s07,0.05036485195159912,0.0052874088287353516,1,0.028493979227946418,0.030805451795458794,0.006947211921215057,0.4396,0.5366,0.4574
p051__s08,0.01053398847579956,0.0010314583778381348,1,0.008433152070695917,0.015205868519842625,0.009663975797593594,0.5366,0.5366,0.5366
p051__s09,-0.000685080885887146,-0.0002711564302444458,0,-0.0012834828867228864,0.01886323094367981,0.012194052338600159,0.425,0.4875,0.425
p052__s00,-0.000844225287437439,-0.002069346606731415,0,-0.005890601980588645,0.01653911918401718,0.007651227526366711,0.8333,0.6667,0.6667
p052__s01,0.038387611508369446,-0.0006425380706787109,0,0.04002790663768634,0.028829874470829964,0.022366417571902275,0.6667,0.6667,0.6667
p052__s02,0.025736600160598755,0.0017299950122833252,1,0.029774905791764922,0.0291498564183712,0.013165753334760666,0.6667,0.6667,0.6667
p052__s03,-0.010220706462860107,0.0028325915336608887,0,-0.012926091537958059,0.01641799695789814,0.011910210363566875,0.6667,0.6667,0.6667
p052__s04,-0.009930223226547241,0.003606647253036499,0,-0.009467954260040181,0.01568758301436901,0.010316859930753708,0.6667,0.6667,0.6667
p052__s05,0.00916321575641632,0.00026442110538482666,1,0.012371719828443189,0.01886615715920925,0.00988702941685915,0.6667,0.6667,0.6667
p052__s06,-0.00941835343837738,0.00391523540019989,0,-0.01071050689247761,0.025997105985879898,0.01858576573431492,0.6667,0.6667,0.6667
p052__s07,0.02948784828186035,0.00037015974521636963,1,0.02539405986346281,0.02884049527347088,0.007690160535275936,0.6667,0.6667,0.6667
p052__s08,-0.009571731090545654,-0.00110616534948349,0,-0.014832938417589217,0.016026705503463745,0.009103923104703426,0.7667,0.6667,0.6667
p052__s09,0.014718502759933472,0.00610804557800293,1,0.031332696511870844,0.01742185279726982,0.012416333891451359,0.6667,0.6667,0.6667
p053__s00,0.009983807802200317,-0.000761672854423523,0,0.012524181016154321,0.03239443153142929,0.009096763096749783,0.725,0.725,0.775
p053__s01,0.020894870162010193,0.0013945996761322021,1,0.02403068101998783,0.03168449550867081,0.018266377970576286,0.6,0.6,0.7
p053__s02,0.025082647800445557,0.002460300922393799,1,0.03317821520908543,0.02881617471575737,0.011914159171283245,0.725,0.675,0.75
p053__s03,-0.0010723769664764404,0.001025959849357605,0,-0.00025813749662268793,0.02902335673570633,0.016248421743512154,0.75,0.8,0.8
p053__s04,0.005072638392448425,0.002386823296546936,1,0.008733506604952718,0.028639523312449455,0.015070979483425617,0.75,0.725,0.75
p053__s05,0.020162925124168396,-4.8488378524780273e-05,0,0.024684152271601544,0.02860954962670803,0.011748191900551319,0.75,0.675,0.725
p053__s06,-0.0017912089824676514,0.0026572048664093018,0,0.0003057477330414859,0.04176970198750496,0.022646712139248848,0.75,0.75,0.8
p053__s07,0.026871144771575928,0.0033533573150634766,1,0.02728650949975584,0.023443514481186867,0.006347501650452614,0.6,0.725,0.725
p053__s08,0.0027758628129959106,-0.0003880411386489868,0,0.002948251514975707,0.018978947773575783,0.00896049290895462,0.75,0.8,0.8
p053__s09,0.0035498887300491333,0.0001036524772644043,1,0.00519772261395762,0.029500577598810196,0.015577619895339012,0.75,0.7,0.7
p054__s00,-0.007107987999916077,-0.0013936609029769897,0,-0.010025439098895585,0.018676158040761948,0.00952882505953312,0.437,0.4177,0.4345
p054__s01,-0.011049151420593262,0.004184797406196594,0,-0.005405891662893942,0.019936546683311462,0.012990989722311497,0.2778,0.2963,0.1944
p054__s02,0.00567258894443512,0.003006070852279663,1,0.009343686329012005,0.023702379316091537,0.011590378358960152,0.4167,0.4653,0.4524
p054__s03,0.004986315965652466,0.008846879005432129,1,0.012102218155569937,0.02780761756002903,0.019531745463609695,0.412,0.4147,0.4385
p054__s04,0.011509865522384644,0.00449565052986145,1,0.014465699638861351,0.026557300239801407,0.01775227300822735,0.4236,0.4028,0.4325
p054__s05,0.002610623836517334,-0.00041157007217407227,0,0.0024096522722302444,0.021457698196172714,0.012650768272578716,0.4772,0.4709,0.3968
p054__s06,-0.018134087324142456,0.006346315145492554,0,-0.01211447997865554,0.042299535125494,0.025494547560811043,0.4861,0.5069,0.4802
p054__s07,0.009433954954147339,-0.0009364932775497437,0,0.008011065863402514,0.015615799464285374,0.005285083781927824,0.387,0.4444,0.4583
p054__s08,-0.006409794092178345,-0.0003385692834854126,0,-0.006552800583626906,0.01737440936267376,0.011224397458136082,0.4593,0.5,0.5
p054__s09,0.0013832449913024902,0.010809868574142456,1,0.008273524794557372,0.021497968584299088,0.014172829687595367,0.3876,0.5159,0.4206
p055__s00,0.023260116577148438,0.0054128170013427734,1,0.018948136344352856,0.024165896698832512,0.012488891370594501,0.7081,0.6748,0.6832
p055__s01,0.05760300159454346,0.006580948829650879,1,0.04105110143052844,0.02530568838119507,0.027683954685926437,0.5517,0.6018,0.5213
p055__s02,0.03521984815597534,0.009750008583068848,1,0.026261484121346323,0.03278224915266037,0.015063119120895863,0.5998,0.427,0.4402
p055__s03,0.014012753963470459,-0.001890331506729126,0,0.01089062262285938,0.035783324390649796,0.02076375111937523,0.6736,0.6472,0.6432
p055__s04,0.012828052043914795,0.00019735097885131836,1,0.010228436692060671,0.03221431002020836,0.017363524064421654,0.6822,0.6216,0.6602
p055__s05,0.03186306357383728,0.004237383604049683,1,0.02384313701830821,0.02701655775308609,0.014046039432287216,0.6453,0.4394,0.5167
p055__s06,0.005883932113647461,0.004594206809997559,1,0.009181289993933155,0.044116102159023285,0.02498849481344223,0.5738,0.589,0.6009
p055__s07,0.040050119161605835,0.0072168707847595215,1,0.023189365803355375,0.026864752173423767,0.009007406421005726,0.5743,0.6141,0.6923
p055__s08,0.011477530002593994,0.004487544298171997,1,0.010138126545417006,0.020351363345980644,0.013461379334330559,0.7275,0.7464,0.7591
p055__s09,0.006862714886665344,-0.007618561387062073,0,-0.0017722491040923086,0.02433006279170513,0.01299220509827137,0.6679,0.6287,0.6373
p056__s00,0.021340906620025635,0.0018085688352584839,1,0.025358302840358626,0.02968273125588894,0.009731503203511238,0.519,0.5181,0.5048
p056__s01,0.04715229570865631,0.005695775151252747,1,0.049907184596384754,0.03324291482567787,0.029950156807899475,0.2571,0.2,0.2571
p056__s02,0.03976994752883911,0.0062059760093688965,1,0.044425109986105986,0.033355385065078735,0.014405786991119385,0.5448,0.5162,0.5581
p056__s03,0.00535835325717926,0.0005320161581039429,1,0.008015508810251978,0.01891642063856125,0.016238825395703316,0.5724,0.559,0.559
p056__s04,0.01306113600730896,0.003364935517311096,1,0.022028763526916306,0.02227623388171196,0.014680696651339531,0.5867,0.5867,0.5867
p056__s05,0.029239103198051453,0.003016144037246704,1,0.037552251824512106,0.02636711671948433,0.01172627042979002,0.56,0.461,0.461
p056__s06,0.004173159599304199,0.0036497563123703003,1,0.011650020921258154,0.028130363672971725,0.02175270952284336,0.56,0.559,0.5724
p056__s07,0.045011162757873535,0.005778104066848755,1,0.03668734656734054,0.03287646546959877,0.009269979782402515,0.4771,0.5048,0.5314
p056__s08,0.008551597595214844,0.0018559843301773071,1,0.011424269771904623,0.020387059077620506,0.009388217702507973,0.519,0.5457,0.4933
p056__s09,0.013345107436180115,0.006009675562381744,1,0.03866005205380936,0.02059258334338665,0.012981876730918884,0.6457,0.559,0.5724
p057__s00,-0.006661221385002136,-0.003819987177848816,0,-0.011285718685501964,0.019665881991386414,0.008269860409200191,0.6173,0.5829,0.6331
p057__s01,0.023489773273468018,0.0012345612049102783,1,0.019704108426981073,0.028547165915369987,0.018924657255411148,0.5195,0.536,0.5367
p057__s02,0.016970396041870117,-0.0001345127820968628,0,0.015892883292440815,0.025517215952277184,0.011266790330410004,0.507,0.3481,0.5096
p057__s03,0.00046887993812561035,0.0005704164505004883,1,0.000987849732358201,0.020005403086543083,0.016223646700382233,0.5397,0.6209,0.5745
p057__s04,0.01160016655921936,0.0018583834171295166,1,0.011658995936906372,0.022196633741259575,0.015236105769872665,0.4546,0.5336,0.5376
p057__s05,-0.003812924027442932,-0.00328807532787323,0,-0.007749475863135495,0.022061683237552643,0.012720510363578796,0.4825,0.529,0.4647
p057__s06,0.00037163496017456055,0.0005913972854614258,1,0.0008950307664319527,0.03136354312300682,0.022523144260048866,0.3478,0.5072,0.4442
p057__s07,0.02569916844367981,0.000927269458770752,1,0.020836309233829616,0.023452214896678925,0.006289205979555845,0.5615,0.5226,0.5113
p057__s08,-0.008500635623931885,-0.004131093621253967,0,-0.012787210314571633,0.018072066828608513,0.009238815866410732,0.5943,0.5364,0.5902
p057__s09,-0.00724637508392334,0.003942698240280151,0,-0.004450843157626476,0.02441316470503807,0.014764208346605301,0.5271,0.6431,0.6531
p058__s00,0.013159021735191345,-0.0015580058097839355,0,0.01970604263919004,0.01660361886024475,0.007891424931585789,0.8933,0.8156,0.86
p058__s01,0.06439998745918274,0.000204429030418396,1,0.09702277520347355,0.0222425889223814,0.01953998953104019,0.8489,0.54,0.3733
p058__s02,0.029615581035614014,0.0022240430116653442,1,0.04109888474229597,0.020464656874537468,0.010362657718360424,0.7333,0.7333,0.8711
p058__s03,-0.0001592785120010376,-0.00022357702255249023,0,-0.0009775956358883896,0.017633672803640366,0.013129794970154762,0.8111,0.8333,0.8889
p058__s04,-0.0012834593653678894,-0.00019461661577224731,0,-0.0036969016255785432,0.01874919980764389,0.01391520630568266,0.8933,0.9267,0.9267
p058__s05,0.01389339566230774,-5.868077278137207e-05,0,0.02051236586180463,0.01938597299158573,0.01020806934684515,0.84,0.7333,0.8933
p058__s06,0.009158499538898468,0.003985188901424408,1,0.032029969987230636,0.024673430249094963,0.019287224858999252,0.8711,0.8667,0.9667
p058__s07,0.029051542282104492,0.0033103227615356445,1,0.02700761279537481,0.017817093059420586,0.006070238538086414,0.8378,0.7378,0.8
p058__s08,-0.00737568736076355,-0.0010303407907485962,0,-0.014256030127965901,0.011966093443334103,0.007663375698029995,0.6978,0.86,0.76
p058__s09,0.010546818375587463,0.005589887499809265,1,0.03144499000052691,0.02258368954062462,0.013211263343691826,0.92,0.9667,0.9267
p059__s00,-0.007851898670196533,-0.0010828524827957153,0,-0.01007830951584768,0.018939556553959846,0.008543395437300205,0.3786,0.3976,0.4042
p059__s01,0.013198167085647583,0.0024649202823638916,1,0.013316022060802572,0.02302355319261551,0.021493708714842796,0.22,0.239,0.2269
p059__s02,0.011931613087654114,0.0030135810375213623,1,0.016234170618726805,0.024895211681723595,0.011589037254452705,0.2799,0.3635,0.274
p059__s03,-0.004246234893798828,0.002896919846534729,0,0.0005532482855452533,0.01622054912149906,0.012616090476512909,0.4635,0.4903,0.4865
p059__s04,0.013864308595657349,0.0019018948078155518,1,0.014815402270900564,0.022616833448410034,0.015662861987948418,0.3686,0.4311,0.4327
p059__s05,-0.002220854163169861,7.835030555725098e-05,0,-0.0024111135464168344,0.01979772001504898,0.011234952136874199,0.2703,0.2807,0.2807
p059__s06,-0.004407957196235657,0.002342209219932556,0,-0.0012574188702917373,0.028056299313902855,0.021510662510991096,0.3229,0.316,0.316
p059__s07,0.01738375425338745,0.004746526479721069,1,0.01966210517089006,0.022010544314980507,0.007426244206726551,0.316,0.4444,0.4178
p059__s08,-0.011624440550804138,-0.001661255955696106,0,-0.014351774849645133,0.012371154502034187,0.008115038275718689,0.3813,0.4219,0.4293
p059__s09,-4.209578037261963e-05,0.005429282784461975,0,0.006769817789192447,0.022980282083153725,0.013215434737503529,0.3903,0.3486,0.4181
